external_id,week,mo,tu,we,th,fr,sa,n,n_lowq,q2,n_full,n_obs,q4,week_q
00c2c,1,4.154999999999999,4.161999999999999,1.9629999999999999,1.978,4.1659999999999995,4.163999999999999,7,2,5,30,38,NA,"4.155000,4.162000,1.963000,1.978000,4.166000,4.164000"
0d293,1,4.154999999999999,4.161999999999999,1.9629999999999999,1.978,4.1659999999999995,4.163999999999999,7,2,4,30,38,NA,"4.155000,4.162000,1.963000,1.978000,4.166000,4.164000"
27e23,1,4.154999999999999,4.161999999999999,1.9629999999999999,1.978,4.1659999999999995,4.163999999999999,7,2,4,30,38,NA,"4.155000,4.162000,1.963000,1.978000,4.166000,4.164000"
343ab,1,4.154999999999999,4.161999999999999,1.9629999999999999,1.978,4.1659999999999995,4.163999999999999,7,2,4,30,38,NA,"4.155000,4.162000,1.963000,1.978000,4.166000,4.164000"
365cd,1,4.154999999999999,4.161999999999999,1.9629999999999999,1.978,4.1659999999999995,4.163999999999999,7,2,4,30,38,NA,"4.155000,4.162000,1.963000,1.978000,4.166000,4.164000"
3fe63,1,4.154999999999999,4.161999999999999,1.9629999999999999,1.978,4.1659999999999995,4.163999999999999,7,2,5,30,38,"Mam wra≈ºenie, ≈ºe na poczƒÖtku tygodnia jako≈õƒá by≈Ça s≈Çaba, ale w drugiej po≈Çowie by≈Ça ju≈º bardzo dobra.","4.155000,4.162000,1.963000,1.978000,4.166000,4.164000"
40c71,1,4.154999999999999,4.161999999999999,1.9629999999999999,1.978,4.1659999999999995,4.163999999999999,7,2,4,30,38,"Jako≈õƒá niejednakowa w roznych dniach, to znaczy:
Pon 5/5
Wt 5/5
Sr 2/5
Czw 3/5 
Pt 5/5
Sob 5/5","4.155000,4.162000,1.963000,1.978000,4.166000,4.164000"
4d5eb,1,4.154999999999999,4.161999999999999,1.9629999999999999,1.978,4.1659999999999995,4.163999999999999,7,2,3,30,38,NA,"4.155000,4.162000,1.963000,1.978000,4.166000,4.164000"
50bf3,1,4.154999999999999,4.161999999999999,1.9629999999999999,1.978,4.1659999999999995,4.163999999999999,7,2,4,30,38,NA,"4.155000,4.162000,1.963000,1.978000,4.166000,4.164000"
54ed7,1,4.154999999999999,4.161999999999999,1.9629999999999999,1.978,4.1659999999999995,4.163999999999999,7,2,4,30,38,NA,"4.155000,4.162000,1.963000,1.978000,4.166000,4.164000"
5542e,1,4.154999999999999,4.161999999999999,1.9629999999999999,1.978,4.1659999999999995,4.163999999999999,7,2,3,30,38,NA,"4.155000,4.162000,1.963000,1.978000,4.166000,4.164000"
57ea9,1,4.154999999999999,4.161999999999999,1.9629999999999999,1.978,4.1659999999999995,4.163999999999999,7,2,5,30,38,Poza ≈õroda i czwartkiem jako≈õƒá by≈Ça wspania≈Ça,"4.155000,4.162000,1.963000,1.978000,4.166000,4.164000"
5aa56,1,4.154999999999999,4.161999999999999,1.9629999999999999,1.978,4.1659999999999995,4.163999999999999,7,2,5,30,38,NA,"4.155000,4.162000,1.963000,1.978000,4.166000,4.164000"
5c3d1,1,4.154999999999999,4.161999999999999,1.9629999999999999,1.978,4.1659999999999995,4.163999999999999,7,2,4,30,38,NA,"4.155000,4.162000,1.963000,1.978000,4.166000,4.164000"
7d03b,1,4.154999999999999,4.161999999999999,1.9629999999999999,1.978,4.1659999999999995,4.163999999999999,7,2,4,30,38,"Poniedzia≈Çek, wtorek, piƒÖtek i sobota - dobra jako≈õƒá 
≈öroda i czwartek - z≈Ça jako≈õƒá","4.155000,4.162000,1.963000,1.978000,4.166000,4.164000"
88df4,1,4.154999999999999,4.161999999999999,1.9629999999999999,1.978,4.1659999999999995,4.163999999999999,7,2,4,30,38,Na og√≥≈Ç jako≈õƒá wiƒôkszo≈õci filmik√≥w bardzo dobra ale by≈Ç te≈º  filmik jeden lub dwa  niewyra≈∫ny lub o niezbyt dobrej ostro≈õci,"4.155000,4.162000,1.963000,1.978000,4.166000,4.164000"
8a560,1,4.154999999999999,4.161999999999999,1.9629999999999999,1.978,4.1659999999999995,4.163999999999999,7,2,4,30,38,NA,"4.155000,4.162000,1.963000,1.978000,4.166000,4.164000"
9d7d1,1,4.154999999999999,4.161999999999999,1.9629999999999999,1.978,4.1659999999999995,4.163999999999999,7,2,3,30,38,NA,"4.155000,4.162000,1.963000,1.978000,4.166000,4.164000"
a711f,1,4.154999999999999,4.161999999999999,1.9629999999999999,1.978,4.1659999999999995,4.163999999999999,7,2,4,30,38,NA,"4.155000,4.162000,1.963000,1.978000,4.166000,4.164000"
bb4ea,1,4.154999999999999,4.161999999999999,1.9629999999999999,1.978,4.1659999999999995,4.163999999999999,7,2,4,30,38,Filmy mia≈Çy r√≥≈ºnƒÖ jako≈õƒá od wspania≈Çej po przeciƒôtnƒÖ. R√≥≈ºni≈Çy siƒô tak≈ºe w zale≈ºno≈õci od ujƒôƒá w ramach jednego dnia.,"4.155000,4.162000,1.963000,1.978000,4.166000,4.164000"
bb8d0,1,4.154999999999999,4.161999999999999,1.9629999999999999,1.978,4.1659999999999995,4.163999999999999,7,2,5,30,38,NA,"4.155000,4.162000,1.963000,1.978000,4.166000,4.164000"
bd209,1,4.154999999999999,4.161999999999999,1.9629999999999999,1.978,4.1659999999999995,4.163999999999999,7,2,3,30,38,NA,"4.155000,4.162000,1.963000,1.978000,4.166000,4.164000"
c05b7,1,4.154999999999999,4.161999999999999,1.9629999999999999,1.978,4.1659999999999995,4.163999999999999,7,2,4,30,38,NA,"4.155000,4.162000,1.963000,1.978000,4.166000,4.164000"
c42b6,1,4.154999999999999,4.161999999999999,1.9629999999999999,1.978,4.1659999999999995,4.163999999999999,7,2,5,30,38,"Wiƒôkszo≈õƒá by≈Ça wspania≈Ça je≈õli chodzi o jako≈õƒá, a tak≈ºe pokazywane widoki.","4.155000,4.162000,1.963000,1.978000,4.166000,4.164000"
c565b,1,4.154999999999999,4.161999999999999,1.9629999999999999,1.978,4.1659999999999995,4.163999999999999,7,2,4,30,38,"Jako≈õƒá film√≥w mocno siƒô r√≥≈ºni≈Ça miƒôdzy sobƒÖ zale≈ºnie od dnia. Wiƒôkszo≈õƒá film√≥w by≈Ça bardzo dobrej jako≈õci, ale by≈Ç co najmniej jeden o jako≈õci ≈õredniej. Filmy nadal obracajƒÖ siƒô dziwnie przy w≈ÇƒÖczeniu (nie od razu do poziomu, tylko tak jakby obraz krƒôci≈Ç siƒô w k√≥≈Çko)","4.155000,4.162000,1.963000,1.978000,4.166000,4.164000"
d45b5,1,4.154999999999999,4.161999999999999,1.9629999999999999,1.978,4.1659999999999995,4.163999999999999,7,2,4,30,38,NA,"4.155000,4.162000,1.963000,1.978000,4.166000,4.164000"
f0ed7,1,4.154999999999999,4.161999999999999,1.9629999999999999,1.978,4.1659999999999995,4.163999999999999,7,2,3,30,38,NA,"4.155000,4.162000,1.963000,1.978000,4.166000,4.164000"
f1308,1,4.154999999999999,4.161999999999999,1.9629999999999999,1.978,4.1659999999999995,4.163999999999999,7,2,5,30,38,Filmy by≈Çy we wspania≈Çej jako≈õci na poczƒÖtku i pod koniec tego tygodnia. W ≈õrodƒô i czwartek filmy by≈Çy s≈Çabej jako≈õci.,"4.155000,4.162000,1.963000,1.978000,4.166000,4.164000"
f75f6,1,4.154999999999999,4.161999999999999,1.9629999999999999,1.978,4.1659999999999995,4.163999999999999,7,2,4,30,38,Z≈Ça jako≈õƒá by≈Ça w ≈õrodƒô i czwartek,"4.155000,4.162000,1.963000,1.978000,4.166000,4.164000"
f865c,1,4.154999999999999,4.161999999999999,1.9629999999999999,1.978,4.1659999999999995,4.163999999999999,7,2,4,30,38,NA,"4.155000,4.162000,1.963000,1.978000,4.166000,4.164000"
00c2c,2,4.196999999999999,4.1659999999999995,2.2070000000000003,2.1959999999999997,4.17,4.164999999999999,7,2,5,31,36,Jeden filmik mia≈Ç s≈ÇabƒÖ jako≈õƒá,"4.197000,4.166000,2.207000,2.196000,4.170000,4.165000"
0d293,2,4.196999999999999,4.1659999999999995,2.2070000000000003,2.1959999999999997,4.17,4.164999999999999,7,2,3,31,36,NA,"4.197000,4.166000,2.207000,2.196000,4.170000,4.165000"
27e23,2,4.196999999999999,4.1659999999999995,2.2070000000000003,2.1959999999999997,4.17,4.164999999999999,7,2,3,31,36,NA,"4.197000,4.166000,2.207000,2.196000,4.170000,4.165000"
343ab,2,4.196999999999999,4.1659999999999995,2.2070000000000003,2.1959999999999997,4.17,4.164999999999999,7,2,4,31,36,NA,"4.197000,4.166000,2.207000,2.196000,4.170000,4.165000"
365cd,2,4.196999999999999,4.1659999999999995,2.2070000000000003,2.1959999999999997,4.17,4.164999999999999,7,2,5,31,36,NA,"4.197000,4.166000,2.207000,2.196000,4.170000,4.165000"
3adab,2,4.196999999999999,4.1659999999999995,2.2070000000000003,2.1959999999999997,4.17,4.164999999999999,7,2,5,31,36,NA,"4.197000,4.166000,2.207000,2.196000,4.170000,4.165000"
40c71,2,4.196999999999999,4.1659999999999995,2.2070000000000003,2.1959999999999997,4.17,4.164999999999999,7,2,4,31,36,NA,"4.197000,4.166000,2.207000,2.196000,4.170000,4.165000"
50bf3,2,4.196999999999999,4.1659999999999995,2.2070000000000003,2.1959999999999997,4.17,4.164999999999999,7,2,4,31,36,NA,"4.197000,4.166000,2.207000,2.196000,4.170000,4.165000"
54ed7,2,4.196999999999999,4.1659999999999995,2.2070000000000003,2.1959999999999997,4.17,4.164999999999999,7,2,3,31,36,NA,"4.197000,4.166000,2.207000,2.196000,4.170000,4.165000"
5542e,2,4.196999999999999,4.1659999999999995,2.2070000000000003,2.1959999999999997,4.17,4.164999999999999,7,2,3,31,36,NA,"4.197000,4.166000,2.207000,2.196000,4.170000,4.165000"
559e2,2,4.196999999999999,4.1659999999999995,2.2070000000000003,2.1959999999999997,4.17,4.164999999999999,7,2,4,31,36,NA,"4.197000,4.166000,2.207000,2.196000,4.170000,4.165000"
5870e,2,4.196999999999999,4.1659999999999995,2.2070000000000003,2.1959999999999997,4.17,4.164999999999999,7,2,4,31,36,NA,"4.197000,4.166000,2.207000,2.196000,4.170000,4.165000"
5aa56,2,4.196999999999999,4.1659999999999995,2.2070000000000003,2.1959999999999997,4.17,4.164999999999999,7,2,4,31,36,NA,"4.197000,4.166000,2.207000,2.196000,4.170000,4.165000"
5c3d1,2,4.196999999999999,4.1659999999999995,2.2070000000000003,2.1959999999999997,4.17,4.164999999999999,7,2,4,31,36,NA,"4.197000,4.166000,2.207000,2.196000,4.170000,4.165000"
7d03b,2,4.196999999999999,4.1659999999999995,2.2070000000000003,2.1959999999999997,4.17,4.164999999999999,7,2,4,31,36,"Poniedzia≈Çek, wtorek, piƒÖtek i sobota - dobra jako≈õƒá,
≈öroda i czwartek - z≈Ça jako≈õƒá","4.197000,4.166000,2.207000,2.196000,4.170000,4.165000"
88df4,2,4.196999999999999,4.1659999999999995,2.2070000000000003,2.1959999999999997,4.17,4.164999999999999,7,2,3,31,36,By≈Ço kilka film√≥w z≈Çej jako≈õci z nieostrym i rozmytym obrazem  co wp≈Çynƒô≈Ço na og√≥lnƒÖ ocenƒô,"4.197000,4.166000,2.207000,2.196000,4.170000,4.165000"
898c1,2,4.196999999999999,4.1659999999999995,2.2070000000000003,2.1959999999999997,4.17,4.164999999999999,7,2,5,31,36,Na poczƒÖtku tygodnia jako≈õƒá s≈Çabsza jednak w pozosta≈Çe dni jako≈õƒá by≈Ça bardzo dobra,"4.197000,4.166000,2.207000,2.196000,4.170000,4.165000"
8a560,2,4.196999999999999,4.1659999999999995,2.2070000000000003,2.1959999999999997,4.17,4.164999999999999,7,2,3,31,36,NA,"4.197000,4.166000,2.207000,2.196000,4.170000,4.165000"
9d7d1,2,4.196999999999999,4.1659999999999995,2.2070000000000003,2.1959999999999997,4.17,4.164999999999999,7,2,3,31,36,NA,"4.197000,4.166000,2.207000,2.196000,4.170000,4.165000"
a711f,2,4.196999999999999,4.1659999999999995,2.2070000000000003,2.1959999999999997,4.17,4.164999999999999,7,2,4,31,36,NA,"4.197000,4.166000,2.207000,2.196000,4.170000,4.165000"
bb8d0,2,4.196999999999999,4.1659999999999995,2.2070000000000003,2.1959999999999997,4.17,4.164999999999999,7,2,5,31,36,NA,"4.197000,4.166000,2.207000,2.196000,4.170000,4.165000"
bd209,2,4.196999999999999,4.1659999999999995,2.2070000000000003,2.1959999999999997,4.17,4.164999999999999,7,2,3,31,36,NA,"4.197000,4.166000,2.207000,2.196000,4.170000,4.165000"
c05b7,2,4.196999999999999,4.1659999999999995,2.2070000000000003,2.1959999999999997,4.17,4.164999999999999,7,2,5,31,36,NA,"4.197000,4.166000,2.207000,2.196000,4.170000,4.165000"
c42b6,2,4.196999999999999,4.1659999999999995,2.2070000000000003,2.1959999999999997,4.17,4.164999999999999,7,2,5,31,36,NA,"4.197000,4.166000,2.207000,2.196000,4.170000,4.165000"
c565b,2,4.196999999999999,4.1659999999999995,2.2070000000000003,2.1959999999999997,4.17,4.164999999999999,7,2,4,31,36,NA,"4.197000,4.166000,2.207000,2.196000,4.170000,4.165000"
d45b5,2,4.196999999999999,4.1659999999999995,2.2070000000000003,2.1959999999999997,4.17,4.164999999999999,7,2,4,31,36,Jako≈õƒá by≈Ça r√≥≈ºna w poszczeg√≥lnych dniach. ≈örednio jednak by≈Ça ona dobra,"4.197000,4.166000,2.207000,2.196000,4.170000,4.165000"
f0ed7,2,4.196999999999999,4.1659999999999995,2.2070000000000003,2.1959999999999997,4.17,4.164999999999999,7,2,4,31,36,NA,"4.197000,4.166000,2.207000,2.196000,4.170000,4.165000"
f1308,2,4.196999999999999,4.1659999999999995,2.2070000000000003,2.1959999999999997,4.17,4.164999999999999,7,2,5,31,36,"Wydaje mi siƒô, ≈ºe w tym tygodniu, tak jak i w poprzednim, filmiki w ≈õrodƒô i czwartek by≈Çy gorszej jako≈õci ni≈º w pozosta≈Çe dni. Przez resztƒô dni wy≈õwietlane by≈Çy filmy o najwy≈ºszej jako≈õci.","4.197000,4.166000,2.207000,2.196000,4.170000,4.165000"
f75f6,2,4.196999999999999,4.1659999999999995,2.2070000000000003,2.1959999999999997,4.17,4.164999999999999,7,2,3,31,36,"Pn 13.03 jako≈õƒá super 
Wt - dobra
≈ör - z≈Ça 
Czw - z≈Ça
Pt - dobra
SB - dobra","4.197000,4.166000,2.207000,2.196000,4.170000,4.165000"
f7c29,2,4.196999999999999,4.1659999999999995,2.2070000000000003,2.1959999999999997,4.17,4.164999999999999,7,2,4,31,36,NA,"4.197000,4.166000,2.207000,2.196000,4.170000,4.165000"
f865c,2,4.196999999999999,4.1659999999999995,2.2070000000000003,2.1959999999999997,4.17,4.164999999999999,7,2,4,31,36,"Zale≈ºnie od dnia - czasem jako≈õƒá by≈Ça ≈õwietna, czasem s≈Çaba.","4.197000,4.166000,2.207000,2.196000,4.170000,4.165000"
00c2c,3,4.1979999999999995,4.176,4.126999999999999,4.181,2.1719999999999997,2.113,7,2,5,25,38,NA,"4.198000,4.176000,4.127000,4.181000,2.172000,2.113000"
0d293,3,4.1979999999999995,4.176,4.126999999999999,4.181,2.1719999999999997,2.113,7,2,4,25,38,NA,"4.198000,4.176000,4.127000,4.181000,2.172000,2.113000"
27e23,3,4.1979999999999995,4.176,4.126999999999999,4.181,2.1719999999999997,2.113,7,2,4,25,38,NA,"4.198000,4.176000,4.127000,4.181000,2.172000,2.113000"
365cd,3,4.1979999999999995,4.176,4.126999999999999,4.181,2.1719999999999997,2.113,7,2,5,25,38,W sobotƒô film by≈Ç s≈Çabej jako≈õci ale reszta by≈Ça w ≈õwietnej,"4.198000,4.176000,4.127000,4.181000,2.172000,2.113000"
3adab,3,4.1979999999999995,4.176,4.126999999999999,4.181,2.1719999999999997,2.113,7,2,3,25,38,Wczoraj 25.03 filmik by≈Ç s≈Çabej jako≈õci,"4.198000,4.176000,4.127000,4.181000,2.172000,2.113000"
40c71,3,4.1979999999999995,4.176,4.126999999999999,4.181,2.1719999999999997,2.113,7,2,4,25,38,"Jako≈õƒá r√≥≈ºni≈Ça siƒô. W pierwszej czƒô≈õci tygodnia jako≈õƒá by≈Ça 5/5, w kilku ostatnich dniach by≈Ça w okolicach 3/5.","4.198000,4.176000,4.127000,4.181000,2.172000,2.113000"
50bf3,3,4.1979999999999995,4.176,4.126999999999999,4.181,2.1719999999999997,2.113,7,2,3,25,38,NA,"4.198000,4.176000,4.127000,4.181000,2.172000,2.113000"
5542e,3,4.1979999999999995,4.176,4.126999999999999,4.181,2.1719999999999997,2.113,7,2,4,25,38,NA,"4.198000,4.176000,4.127000,4.181000,2.172000,2.113000"
57ea9,3,4.1979999999999995,4.176,4.126999999999999,4.181,2.1719999999999997,2.113,7,2,5,25,38,PiƒÖtek i sobota jako≈õƒá dobra reszta dni wspania≈Ça,"4.198000,4.176000,4.127000,4.181000,2.172000,2.113000"
5aa56,3,4.1979999999999995,4.176,4.126999999999999,4.181,2.1719999999999997,2.113,7,2,4,25,38,NA,"4.198000,4.176000,4.127000,4.181000,2.172000,2.113000"
7d03b,3,4.1979999999999995,4.176,4.126999999999999,4.181,2.1719999999999997,2.113,7,2,4,25,38,"Poniedzia≈Çek czwartek dobra jako≈õƒá 
PiƒÖtek sobota z≈Ça jako≈õƒá","4.198000,4.176000,4.127000,4.181000,2.172000,2.113000"
88df4,3,4.1979999999999995,4.176,4.126999999999999,4.181,2.1719999999999997,2.113,7,2,3,25,38,"Ostatnie dwa filmiki by≈Çy nieostre i z≈Çej jako≈õci, w przeciwie≈Ñstwie do tych z poczƒÖtku tygodnia","4.198000,4.176000,4.127000,4.181000,2.172000,2.113000"
898c1,3,4.1979999999999995,4.176,4.126999999999999,4.181,2.1719999999999997,2.113,7,2,5,25,38,"Od poniedzia≈Çku do czwartku - jako≈õƒá wspania≈Ça, piƒÖtek i sobota - jako≈õƒá ≈õrednia","4.198000,4.176000,4.127000,4.181000,2.172000,2.113000"
8a560,3,4.1979999999999995,4.176,4.126999999999999,4.181,2.1719999999999997,2.113,7,2,3,25,38,NA,"4.198000,4.176000,4.127000,4.181000,2.172000,2.113000"
8caa8,3,4.1979999999999995,4.176,4.126999999999999,4.181,2.1719999999999997,2.113,7,2,3,25,38,NA,"4.198000,4.176000,4.127000,4.181000,2.172000,2.113000"
a711f,3,4.1979999999999995,4.176,4.126999999999999,4.181,2.1719999999999997,2.113,7,2,3,25,38,"Filmiki ro≈ºnej jako≈õci, od s≈Çabej do dobrej","4.198000,4.176000,4.127000,4.181000,2.172000,2.113000"
bb4ea,3,4.1979999999999995,4.176,4.126999999999999,4.181,2.1719999999999997,2.113,7,2,4,25,38,NA,"4.198000,4.176000,4.127000,4.181000,2.172000,2.113000"
bd209,3,4.1979999999999995,4.176,4.126999999999999,4.181,2.1719999999999997,2.113,7,2,3,25,38,NA,"4.198000,4.176000,4.127000,4.181000,2.172000,2.113000"
c05b7,3,4.1979999999999995,4.176,4.126999999999999,4.181,2.1719999999999997,2.113,7,2,5,25,38,W piƒÖtek i sobotƒô jako≈õƒá film√≥w by≈Ça gorsza ni≈º w pozosta≈Çe dni,"4.198000,4.176000,4.127000,4.181000,2.172000,2.113000"
c42b6,3,4.1979999999999995,4.176,4.126999999999999,4.181,2.1719999999999997,2.113,7,2,5,25,38,Raz by≈Ça gorsza jako≈õƒá filmu.,"4.198000,4.176000,4.127000,4.181000,2.172000,2.113000"
c565b,3,4.1979999999999995,4.176,4.126999999999999,4.181,2.1719999999999997,2.113,7,2,3,25,38,"Ciƒô≈ºko jest oceniƒá zbiorczo filmy z ca≈Çego tygodnia, w momencie gdy jako≈õƒá mo≈ºe siƒô znaczƒÖco r√≥≈ºniƒá zale≈ºnie od dnia‚Ä¶","4.198000,4.176000,4.127000,4.181000,2.172000,2.113000"
d45b5,3,4.1979999999999995,4.176,4.126999999999999,4.181,2.1719999999999997,2.113,7,2,4,25,38,"Do piƒÖtku jako≈õ film√≥w by≈Ça naprawdƒô dobra, ≈ºywe kolory i wysokƒÖ rozdzielczo≈õƒá. Momentami widoczne przej≈õcia miƒôdzy kolejnymi klatkami. W piƒÖtek i sobotƒô rozdzielczo≈õƒá by≈Ça bardzo s≈Çaba.","4.198000,4.176000,4.127000,4.181000,2.172000,2.113000"
f1308,3,4.1979999999999995,4.176,4.126999999999999,4.181,2.1719999999999997,2.113,7,2,3,25,38,"Moja opinia dotyczy filmik√≥w z piƒÖtku i soboty, kiedy to by≈Çy filmy o gorszej jako≈õci w por√≥wnaniu do film√≥w o wspania≈Çej jako≈õci w pozosta≈Çe dni.","4.198000,4.176000,4.127000,4.181000,2.172000,2.113000"
f75f6,3,4.1979999999999995,4.176,4.126999999999999,4.181,2.1719999999999997,2.113,7,2,4,25,38,"Pn 20.03 jako≈õƒá super 
Wt - ≈õrednia
≈ör - super 
Czw - super
Pt - ≈õrednia
Sb - ≈õrednia","4.198000,4.176000,4.127000,4.181000,2.172000,2.113000"
f7c29,3,4.1979999999999995,4.176,4.126999999999999,4.181,2.1719999999999997,2.113,7,2,3,25,38,NA,"4.198000,4.176000,4.127000,4.181000,2.172000,2.113000"
00c2c,4,2.023,1.954,4.221,4.124999999999999,4.234,4.169,7,2,4,21,32,Jeden filmik s≈Çaba jako≈õƒá,"2.023000,1.954000,4.221000,4.125000,4.234000,4.169000"
023ce,4,2.023,1.954,4.221,4.124999999999999,4.234,4.169,7,2,5,21,32,NA,"2.023000,1.954000,4.221000,4.125000,4.234000,4.169000"
0d293,4,2.023,1.954,4.221,4.124999999999999,4.234,4.169,7,2,4,21,32,NA,"2.023000,1.954000,4.221000,4.125000,4.234000,4.169000"
27e23,4,2.023,1.954,4.221,4.124999999999999,4.234,4.169,7,2,4,21,32,NA,"2.023000,1.954000,4.221000,4.125000,4.234000,4.169000"
365cd,4,2.023,1.954,4.221,4.124999999999999,4.234,4.169,7,2,5,21,32,NA,"2.023000,1.954000,4.221000,4.125000,4.234000,4.169000"
559e2,4,2.023,1.954,4.221,4.124999999999999,4.234,4.169,7,2,4,21,32,NA,"2.023000,1.954000,4.221000,4.125000,4.234000,4.169000"
5aa56,4,2.023,1.954,4.221,4.124999999999999,4.234,4.169,7,2,5,21,32,NA,"2.023000,1.954000,4.221000,4.125000,4.234000,4.169000"
5c3d1,4,2.023,1.954,4.221,4.124999999999999,4.234,4.169,7,2,4,21,32,NA,"2.023000,1.954000,4.221000,4.125000,4.234000,4.169000"
7d03b,4,2.023,1.954,4.221,4.124999999999999,4.234,4.169,7,2,4,21,32,"Przez 4 z 6 dni w tygodniu by≈Ça bardzo dobra jako≈õƒá, dwa dni by≈Ça s≈Çabsza","2.023000,1.954000,4.221000,4.125000,4.234000,4.169000"
88df4,4,2.023,1.954,4.221,4.124999999999999,4.234,4.169,7,2,3,21,32,Chyba dwa lub trzy filmy na poczƒÖtku tygodnia by≈Çy z≈Çej jakosci Potem jako≈õƒá by≈Ça bardzo dobra Dlatego og√≥lna ocena uwzglƒôdnia r√≥wnie≈º te filmy z poczƒÖtku tygodnia,"2.023000,1.954000,4.221000,4.125000,4.234000,4.169000"
8a560,4,2.023,1.954,4.221,4.124999999999999,4.234,4.169,7,2,4,21,32,NA,"2.023000,1.954000,4.221000,4.125000,4.234000,4.169000"
8caa8,4,2.023,1.954,4.221,4.124999999999999,4.234,4.169,7,2,4,21,32,NA,"2.023000,1.954000,4.221000,4.125000,4.234000,4.169000"
a711f,4,2.023,1.954,4.221,4.124999999999999,4.234,4.169,7,2,5,21,32,NA,"2.023000,1.954000,4.221000,4.125000,4.234000,4.169000"
bb4ea,4,2.023,1.954,4.221,4.124999999999999,4.234,4.169,7,2,3,21,32,Na poczƒÖtku tygodnia jako≈õ by≈Ça s≈Çaba.,"2.023000,1.954000,4.221000,4.125000,4.234000,4.169000"
bd209,4,2.023,1.954,4.221,4.124999999999999,4.234,4.169,7,2,4,21,32,NA,"2.023000,1.954000,4.221000,4.125000,4.234000,4.169000"
c05b7,4,2.023,1.954,4.221,4.124999999999999,4.234,4.169,7,2,4,21,32,NA,"2.023000,1.954000,4.221000,4.125000,4.234000,4.169000"
c42b6,4,2.023,1.954,4.221,4.124999999999999,4.234,4.169,7,2,5,21,32,Jeden film z poczƒÖtku tygodnia mia≈Ç s≈ÇabszƒÖ jako≈õƒá. Pozosta≈Çe filmy bardzo dobra jako≈õƒá,"2.023000,1.954000,4.221000,4.125000,4.234000,4.169000"
d45b5,4,2.023,1.954,4.221,4.124999999999999,4.234,4.169,7,2,3,21,32,"PoczƒÖtkowe filmiki by≈Çy s≈Çabej jako≈õ, p√≥≈∫niejsze ju≈º w bardzo dobrej.","2.023000,1.954000,4.221000,4.125000,4.234000,4.169000"
f1308,4,2.023,1.954,4.221,4.124999999999999,4.234,4.169,7,2,5,21,32,"Opinia dotyczy tylko film√≥w od ≈õrody do soboty w≈ÇƒÖcznie. Je≈õli dobrze pamiƒôtam, film z poniedzia≈Çku i wtorku by≈Ç o wiele gorszej jako≈õci. Mam te≈º wra≈ºenie, ≈ºe czasami filmy siƒô delikatnie przycinajƒÖ (nie sƒÖ p≈Çynne), ale niestety nie jestem w stanie wskazaƒá, kt√≥re to by≈Çy dok≈Çadnie.","2.023000,1.954000,4.221000,4.125000,4.234000,4.169000"
f75f6,4,2.023,1.954,4.221,4.124999999999999,4.234,4.169,7,2,5,21,32,W poniedzia≈Çek i wtorek tylko by≈Ça gorsza,"2.023000,1.954000,4.221000,4.125000,4.234000,4.169000"
f865c,4,2.023,1.954,4.221,4.124999999999999,4.234,4.169,7,2,4,21,32,Wiƒôkszo≈õƒá film√≥w raczej dobrej jako≈õci. Chocia≈º w 1 albo 2 dniach by≈Ça s≈Çaba.,"2.023000,1.954000,4.221000,4.125000,4.234000,4.169000"
00c2c,5,3.964,3.9559999999999995,2.097,2.285,3.8789999999999996,3.997,7,2,4,28,35,NA,"3.964000,3.956000,2.097000,2.285000,3.879000,3.997000"
023ce,5,3.964,3.9559999999999995,2.097,2.285,3.8789999999999996,3.997,7,2,3,28,35,NA,"3.964000,3.956000,2.097000,2.285000,3.879000,3.997000"
0d293,5,3.964,3.9559999999999995,2.097,2.285,3.8789999999999996,3.997,7,2,4,28,35,NA,"3.964000,3.956000,2.097000,2.285000,3.879000,3.997000"
27e23,5,3.964,3.9559999999999995,2.097,2.285,3.8789999999999996,3.997,7,2,4,28,35,NA,"3.964000,3.956000,2.097000,2.285000,3.879000,3.997000"
365cd,5,3.964,3.9559999999999995,2.097,2.285,3.8789999999999996,3.997,7,2,5,28,35,NA,"3.964000,3.956000,2.097000,2.285000,3.879000,3.997000"
54ed7,5,3.964,3.9559999999999995,2.097,2.285,3.8789999999999996,3.997,7,2,5,28,35,NA,"3.964000,3.956000,2.097000,2.285000,3.879000,3.997000"
5542e,5,3.964,3.9559999999999995,2.097,2.285,3.8789999999999996,3.997,7,2,3,28,35,NA,"3.964000,3.956000,2.097000,2.285000,3.879000,3.997000"
559e2,5,3.964,3.9559999999999995,2.097,2.285,3.8789999999999996,3.997,7,2,4,28,35,NA,"3.964000,3.956000,2.097000,2.285000,3.879000,3.997000"
5870e,5,3.964,3.9559999999999995,2.097,2.285,3.8789999999999996,3.997,7,2,3,28,35,NA,"3.964000,3.956000,2.097000,2.285000,3.879000,3.997000"
5aa56,5,3.964,3.9559999999999995,2.097,2.285,3.8789999999999996,3.997,7,2,4,28,35,NA,"3.964000,3.956000,2.097000,2.285000,3.879000,3.997000"
5c3d1,5,3.964,3.9559999999999995,2.097,2.285,3.8789999999999996,3.997,7,2,4,28,35,NA,"3.964000,3.956000,2.097000,2.285000,3.879000,3.997000"
7d03b,5,3.964,3.9559999999999995,2.097,2.285,3.8789999999999996,3.997,7,2,4,28,35,NA,"3.964000,3.956000,2.097000,2.285000,3.879000,3.997000"
88df4,5,3.964,3.9559999999999995,2.097,2.285,3.8789999999999996,3.997,7,2,3,28,35,By≈Çy dwa filmy gorszej jako≈õci o ile pamiƒôtam w ≈õrodku tygodnia,"3.964000,3.956000,2.097000,2.285000,3.879000,3.997000"
898c1,5,3.964,3.9559999999999995,2.097,2.285,3.8789999999999996,3.997,7,2,3,28,35,"Wiƒôkszo≈õƒá tygodnia jako≈õƒá ≈õrednia, piƒÖtek i Sobota jako≈õƒá dobra","3.964000,3.956000,2.097000,2.285000,3.879000,3.997000"
8caa8,5,3.964,3.9559999999999995,2.097,2.285,3.8789999999999996,3.997,7,2,3,28,35,NA,"3.964000,3.956000,2.097000,2.285000,3.879000,3.997000"
9d7d1,5,3.964,3.9559999999999995,2.097,2.285,3.8789999999999996,3.997,7,2,4,28,35,NA,"3.964000,3.956000,2.097000,2.285000,3.879000,3.997000"
a711f,5,3.964,3.9559999999999995,2.097,2.285,3.8789999999999996,3.997,7,2,3,28,35,NA,"3.964000,3.956000,2.097000,2.285000,3.879000,3.997000"
b7150,5,3.964,3.9559999999999995,2.097,2.285,3.8789999999999996,3.997,7,2,3,28,35,NA,"3.964000,3.956000,2.097000,2.285000,3.879000,3.997000"
bb4ea,5,3.964,3.9559999999999995,2.097,2.285,3.8789999999999996,3.997,7,2,3,28,35,NA,"3.964000,3.956000,2.097000,2.285000,3.879000,3.997000"
bd209,5,3.964,3.9559999999999995,2.097,2.285,3.8789999999999996,3.997,7,2,3,28,35,NA,"3.964000,3.956000,2.097000,2.285000,3.879000,3.997000"
c05b7,5,3.964,3.9559999999999995,2.097,2.285,3.8789999999999996,3.997,7,2,3,28,35,NA,"3.964000,3.956000,2.097000,2.285000,3.879000,3.997000"
c42b6,5,3.964,3.9559999999999995,2.097,2.285,3.8789999999999996,3.997,7,2,5,28,35,Dwa filmy by≈Çy gorszej jako≈õci,"3.964000,3.956000,2.097000,2.285000,3.879000,3.997000"
c565b,5,3.964,3.9559999999999995,2.097,2.285,3.8789999999999996,3.997,7,2,3,28,35,"Podtrzymujƒô, ≈ºe nie da siƒô oceniƒá kilku film√≥w naraz, w momencie gdy ich jako≈õƒá r√≥≈ºni siƒô czasami diametralnie.","3.964000,3.956000,2.097000,2.285000,3.879000,3.997000"
d45b5,5,3.964,3.9559999999999995,2.097,2.285,3.8789999999999996,3.997,7,2,3,28,35,"Niekt√≥re filmy by≈Çy w dobrej jako≈õci, inne bardzo s≈Çabe. Og√≥lnie jedna wypadajƒÖ umiarkowanie","3.964000,3.956000,2.097000,2.285000,3.879000,3.997000"
f1308,5,3.964,3.9559999999999995,2.097,2.285,3.8789999999999996,3.997,7,2,4,28,35,"Wydaje mi siƒô, ≈ºe w ≈õrodƒô i czwartek filmy by≈Çy z≈Çej jako≈õci, w pozosta≈Çe dni by≈Ça dobra jako≈õƒá, ale nie najlepsza.","3.964000,3.956000,2.097000,2.285000,3.879000,3.997000"
f75f6,5,3.964,3.9559999999999995,2.097,2.285,3.8789999999999996,3.997,7,2,3,28,35,NA,"3.964000,3.956000,2.097000,2.285000,3.879000,3.997000"
f7c29,5,3.964,3.9559999999999995,2.097,2.285,3.8789999999999996,3.997,7,2,3,28,35,NA,"3.964000,3.956000,2.097000,2.285000,3.879000,3.997000"
f865c,5,3.964,3.9559999999999995,2.097,2.285,3.8789999999999996,3.997,7,2,4,28,35,Jako≈õƒá zale≈ºnie od dnia,"3.964000,3.956000,2.097000,2.285000,3.879000,3.997000"
00c2c,6,3.883,3.9659999999999997,3.9159999999999995,3.88,2.1719999999999997,2.023,7,2,5,23,36,NA,"3.883000,3.966000,3.916000,3.880000,2.172000,2.023000"
0d293,6,3.883,3.9659999999999997,3.9159999999999995,3.88,2.1719999999999997,2.023,7,2,4,23,36,NA,"3.883000,3.966000,3.916000,3.880000,2.172000,2.023000"
27e23,6,3.883,3.9659999999999997,3.9159999999999995,3.88,2.1719999999999997,2.023,7,2,4,23,36,NA,"3.883000,3.966000,3.916000,3.880000,2.172000,2.023000"
365cd,6,3.883,3.9659999999999997,3.9159999999999995,3.88,2.1719999999999997,2.023,7,2,4,23,36,NA,"3.883000,3.966000,3.916000,3.880000,2.172000,2.023000"
3adab,6,3.883,3.9659999999999997,3.9159999999999995,3.88,2.1719999999999997,2.023,7,2,2,23,36,NA,"3.883000,3.966000,3.916000,3.880000,2.172000,2.023000"
50bf3,6,3.883,3.9659999999999997,3.9159999999999995,3.88,2.1719999999999997,2.023,7,2,2,23,36,NA,"3.883000,3.966000,3.916000,3.880000,2.172000,2.023000"
54ed7,6,3.883,3.9659999999999997,3.9159999999999995,3.88,2.1719999999999997,2.023,7,2,4,23,36,NA,"3.883000,3.966000,3.916000,3.880000,2.172000,2.023000"
559e2,6,3.883,3.9659999999999997,3.9159999999999995,3.88,2.1719999999999997,2.023,7,2,4,23,36,NA,"3.883000,3.966000,3.916000,3.880000,2.172000,2.023000"
5870e,6,3.883,3.9659999999999997,3.9159999999999995,3.88,2.1719999999999997,2.023,7,2,4,23,36,NA,"3.883000,3.966000,3.916000,3.880000,2.172000,2.023000"
5c3d1,6,3.883,3.9659999999999997,3.9159999999999995,3.88,2.1719999999999997,2.023,7,2,3,23,36,NA,"3.883000,3.966000,3.916000,3.880000,2.172000,2.023000"
7d03b,6,3.883,3.9659999999999997,3.9159999999999995,3.88,2.1719999999999997,2.023,7,2,4,23,36,"Poniedzia≈Çek - czwartek: dobra jako≈õƒá 
PiƒÖtek- sobota: z≈Ça jako≈õƒá","3.883000,3.966000,3.916000,3.880000,2.172000,2.023000"
88df4,6,3.883,3.9659999999999997,3.9159999999999995,3.88,2.1719999999999997,2.023,7,2,3,23,36,Filmiki na poczƒÖtku tygodnia by≈Çy dobrej jako≈õci ostatnie dwa s≈Çabej Obraz by≈Ç rozpikselowany i nieostry,"3.883000,3.966000,3.916000,3.880000,2.172000,2.023000"
898c1,6,3.883,3.9659999999999997,3.9159999999999995,3.88,2.1719999999999997,2.023,7,2,3,23,36,NA,"3.883000,3.966000,3.916000,3.880000,2.172000,2.023000"
9d7d1,6,3.883,3.9659999999999997,3.9159999999999995,3.88,2.1719999999999997,2.023,7,2,3,23,36,NA,"3.883000,3.966000,3.916000,3.880000,2.172000,2.023000"
a711f,6,3.883,3.9659999999999997,3.9159999999999995,3.88,2.1719999999999997,2.023,7,2,4,23,36,NA,"3.883000,3.966000,3.916000,3.880000,2.172000,2.023000"
bb4ea,6,3.883,3.9659999999999997,3.9159999999999995,3.88,2.1719999999999997,2.023,7,2,4,23,36,Pod koniec tygodnia jako≈õ by≈Ça lepsza.,"3.883000,3.966000,3.916000,3.880000,2.172000,2.023000"
bd209,6,3.883,3.9659999999999997,3.9159999999999995,3.88,2.1719999999999997,2.023,7,2,3,23,36,NA,"3.883000,3.966000,3.916000,3.880000,2.172000,2.023000"
c05b7,6,3.883,3.9659999999999997,3.9159999999999995,3.88,2.1719999999999997,2.023,7,2,4,23,36,NA,"3.883000,3.966000,3.916000,3.880000,2.172000,2.023000"
c42b6,6,3.883,3.9659999999999997,3.9159999999999995,3.88,2.1719999999999997,2.023,7,2,5,23,36,NA,"3.883000,3.966000,3.916000,3.880000,2.172000,2.023000"
d45b5,6,3.883,3.9659999999999997,3.9159999999999995,3.88,2.1719999999999997,2.023,7,2,4,23,36,NA,"3.883000,3.966000,3.916000,3.880000,2.172000,2.023000"
f75f6,6,3.883,3.9659999999999997,3.9159999999999995,3.88,2.1719999999999997,2.023,7,2,4,23,36,"Pn wspania≈Ça
Wt - wspania≈Ça
≈ör - wspania≈Ça 
Czw -dobra
Pt - z≈Ça
SB - z≈Ça","3.883000,3.966000,3.916000,3.880000,2.172000,2.023000"
f7c29,6,3.883,3.9659999999999997,3.9159999999999995,3.88,2.1719999999999997,2.023,7,2,3,23,36,NA,"3.883000,3.966000,3.916000,3.880000,2.172000,2.023000"
f865c,6,3.883,3.9659999999999997,3.9159999999999995,3.88,2.1719999999999997,2.023,7,2,4,23,36,NA,"3.883000,3.966000,3.916000,3.880000,2.172000,2.023000"
00c2c,7,2.125,1.891,3.9989999999999997,3.8959999999999995,3.9779999999999998,3.9119999999999995,7,2,5,26,35,NA,"2.125000,1.891000,3.999000,3.896000,3.978000,3.912000"
023ce,7,2.125,1.891,3.9989999999999997,3.8959999999999995,3.9779999999999998,3.9119999999999995,7,2,4,26,35,NA,"2.125000,1.891000,3.999000,3.896000,3.978000,3.912000"
0d293,7,2.125,1.891,3.9989999999999997,3.8959999999999995,3.9779999999999998,3.9119999999999995,7,2,4,26,35,NA,"2.125000,1.891000,3.999000,3.896000,3.978000,3.912000"
343ab,7,2.125,1.891,3.9989999999999997,3.8959999999999995,3.9779999999999998,3.9119999999999995,7,2,4,26,35,NA,"2.125000,1.891000,3.999000,3.896000,3.978000,3.912000"
40c71,7,2.125,1.891,3.9989999999999997,3.8959999999999995,3.9779999999999998,3.9119999999999995,7,2,4,26,35,"Jakosc filmow poprawiala sie w ciagu tygodnia: pon 3/5, wt 3/5, ≈õr 4/5, czw 4/5, pt 5/5","2.125000,1.891000,3.999000,3.896000,3.978000,3.912000"
54ed7,7,2.125,1.891,3.9989999999999997,3.8959999999999995,3.9779999999999998,3.9119999999999995,7,2,4,26,35,NA,"2.125000,1.891000,3.999000,3.896000,3.978000,3.912000"
559e2,7,2.125,1.891,3.9989999999999997,3.8959999999999995,3.9779999999999998,3.9119999999999995,7,2,4,26,35,NA,"2.125000,1.891000,3.999000,3.896000,3.978000,3.912000"
57ea9,7,2.125,1.891,3.9989999999999997,3.8959999999999995,3.9779999999999998,3.9119999999999995,7,2,5,26,35,Poniedzia≈Çek i wtorek dobra reszta wspania≈Ça,"2.125000,1.891000,3.999000,3.896000,3.978000,3.912000"
5870e,7,2.125,1.891,3.9989999999999997,3.8959999999999995,3.9779999999999998,3.9119999999999995,7,2,4,26,35,NA,"2.125000,1.891000,3.999000,3.896000,3.978000,3.912000"
5aa56,7,2.125,1.891,3.9989999999999997,3.8959999999999995,3.9779999999999998,3.9119999999999995,7,2,5,26,35,NA,"2.125000,1.891000,3.999000,3.896000,3.978000,3.912000"
7d03b,7,2.125,1.891,3.9989999999999997,3.8959999999999995,3.9779999999999998,3.9119999999999995,7,2,4,26,35,"Poniedzia≈Çek-Wtorek - s≈Çaba jako≈õƒá 
≈öroda- Sobota - dobra jako≈õƒá","2.125000,1.891000,3.999000,3.896000,3.978000,3.912000"
88df4,7,2.125,1.891,3.9989999999999997,3.8959999999999995,3.9779999999999998,3.9119999999999995,7,2,3,26,35,Filmiki na poczƒÖtku tygodnia by≈Çy z≈Çej jako≈õci chyba od ≈õrody  jako≈õƒá by≈Ça dobra stƒÖd og√≥lna ocena z uwzglƒôdnieniem tych gorszych,"2.125000,1.891000,3.999000,3.896000,3.978000,3.912000"
898c1,7,2.125,1.891,3.9989999999999997,3.8959999999999995,3.9779999999999998,3.9119999999999995,7,2,4,26,35,NA,"2.125000,1.891000,3.999000,3.896000,3.978000,3.912000"
8a560,7,2.125,1.891,3.9989999999999997,3.8959999999999995,3.9779999999999998,3.9119999999999995,7,2,3,26,35,NA,"2.125000,1.891000,3.999000,3.896000,3.978000,3.912000"
8caa8,7,2.125,1.891,3.9989999999999997,3.8959999999999995,3.9779999999999998,3.9119999999999995,7,2,4,26,35,NA,"2.125000,1.891000,3.999000,3.896000,3.978000,3.912000"
9d7d1,7,2.125,1.891,3.9989999999999997,3.8959999999999995,3.9779999999999998,3.9119999999999995,7,2,4,26,35,NA,"2.125000,1.891000,3.999000,3.896000,3.978000,3.912000"
a711f,7,2.125,1.891,3.9989999999999997,3.8959999999999995,3.9779999999999998,3.9119999999999995,7,2,4,26,35,NA,"2.125000,1.891000,3.999000,3.896000,3.978000,3.912000"
b7150,7,2.125,1.891,3.9989999999999997,3.8959999999999995,3.9779999999999998,3.9119999999999995,7,2,4,26,35,NA,"2.125000,1.891000,3.999000,3.896000,3.978000,3.912000"
bb4ea,7,2.125,1.891,3.9989999999999997,3.8959999999999995,3.9779999999999998,3.9119999999999995,7,2,4,26,35,NA,"2.125000,1.891000,3.999000,3.896000,3.978000,3.912000"
bb8d0,7,2.125,1.891,3.9989999999999997,3.8959999999999995,3.9779999999999998,3.9119999999999995,7,2,4,26,35,NA,"2.125000,1.891000,3.999000,3.896000,3.978000,3.912000"
bd209,7,2.125,1.891,3.9989999999999997,3.8959999999999995,3.9779999999999998,3.9119999999999995,7,2,4,26,35,NA,"2.125000,1.891000,3.999000,3.896000,3.978000,3.912000"
c05b7,7,2.125,1.891,3.9989999999999997,3.8959999999999995,3.9779999999999998,3.9119999999999995,7,2,5,26,35,"W poniedzia≈Çek i wtorek jako≈õƒá film√≥w by≈Ça ≈õrednia, w pozosta≈Çe dni wspania≈Ça.","2.125000,1.891000,3.999000,3.896000,3.978000,3.912000"
d45b5,7,2.125,1.891,3.9989999999999997,3.8959999999999995,3.9779999999999998,3.9119999999999995,7,2,3,26,35,Pierwsze filmiki by≈Çy s≈Çabe; p√≥≈∫niejsze w dobrej jako≈õci,"2.125000,1.891000,3.999000,3.896000,3.978000,3.912000"
f75f6,7,2.125,1.891,3.9989999999999997,3.8959999999999995,3.9779999999999998,3.9119999999999995,7,2,4,26,35,"Pn z≈Ça
Wt z≈Ça 
≈ör wspania≈Ça
Czw - wspania≈Ça
Pt - dobra
SB wspania≈Ça","2.125000,1.891000,3.999000,3.896000,3.978000,3.912000"
f7c29,7,2.125,1.891,3.9989999999999997,3.8959999999999995,3.9779999999999998,3.9119999999999995,7,2,4,26,35,NA,"2.125000,1.891000,3.999000,3.896000,3.978000,3.912000"
f865c,7,2.125,1.891,3.9989999999999997,3.8959999999999995,3.9779999999999998,3.9119999999999995,7,2,4,26,35,NA,"2.125000,1.891000,3.999000,3.896000,3.978000,3.912000"
00c2c,8,2.0959999999999996,2.047,4.1259999999999994,4.138,2.026,2.09,7,4,4,20,33,NA,"2.096000,2.047000,4.126000,4.138000,2.026000,2.090000"
0d293,8,2.0959999999999996,2.047,4.1259999999999994,4.138,2.026,2.09,7,4,2,20,33,NA,"2.096000,2.047000,4.126000,4.138000,2.026000,2.090000"
3adab,8,2.0959999999999996,2.047,4.1259999999999994,4.138,2.026,2.09,7,4,4,20,33,NA,"2.096000,2.047000,4.126000,4.138000,2.026000,2.090000"
40c71,8,2.0959999999999996,2.047,4.1259999999999994,4.138,2.026,2.09,7,4,4,20,33,NA,"2.096000,2.047000,4.126000,4.138000,2.026000,2.090000"
54ed7,8,2.0959999999999996,2.047,4.1259999999999994,4.138,2.026,2.09,7,4,3,20,33,NA,"2.096000,2.047000,4.126000,4.138000,2.026000,2.090000"
57ea9,8,2.0959999999999996,2.047,4.1259999999999994,4.138,2.026,2.09,7,4,4,20,33,≈öroda i czwartek wspania≈Ça reszta dobra,"2.096000,2.047000,4.126000,4.138000,2.026000,2.090000"
5aa56,8,2.0959999999999996,2.047,4.1259999999999994,4.138,2.026,2.09,7,4,3,20,33,NA,"2.096000,2.047000,4.126000,4.138000,2.026000,2.090000"
5c3d1,8,2.0959999999999996,2.047,4.1259999999999994,4.138,2.026,2.09,7,4,4,20,33,NA,"2.096000,2.047000,4.126000,4.138000,2.026000,2.090000"
88df4,8,2.0959999999999996,2.047,4.1259999999999994,4.138,2.026,2.09,7,4,2,20,33,"Wiƒôkszo≈õƒá filmik√≥w nie by≈Ça dobrej jako≈õci s≈Çaba ostro≈õƒá, trochƒô rozmazany obraz","2.096000,2.047000,4.126000,4.138000,2.026000,2.090000"
898c1,8,2.0959999999999996,2.047,4.1259999999999994,4.138,2.026,2.09,7,4,3,20,33,NA,"2.096000,2.047000,4.126000,4.138000,2.026000,2.090000"
9d7d1,8,2.0959999999999996,2.047,4.1259999999999994,4.138,2.026,2.09,7,4,4,20,33,NA,"2.096000,2.047000,4.126000,4.138000,2.026000,2.090000"
a711f,8,2.0959999999999996,2.047,4.1259999999999994,4.138,2.026,2.09,7,4,2,20,33,NA,"2.096000,2.047000,4.126000,4.138000,2.026000,2.090000"
bb4ea,8,2.0959999999999996,2.047,4.1259999999999994,4.138,2.026,2.09,7,4,2,20,33,NA,"2.096000,2.047000,4.126000,4.138000,2.026000,2.090000"
bd209,8,2.0959999999999996,2.047,4.1259999999999994,4.138,2.026,2.09,7,4,3,20,33,NA,"2.096000,2.047000,4.126000,4.138000,2.026000,2.090000"
c05b7,8,2.0959999999999996,2.047,4.1259999999999994,4.138,2.026,2.09,7,4,3,20,33,NA,"2.096000,2.047000,4.126000,4.138000,2.026000,2.090000"
c42b6,8,2.0959999999999996,2.047,4.1259999999999994,4.138,2.026,2.09,7,4,4,20,33,PoczƒÖtek tygodnia jako≈õƒá znaczenie gorsza. Od po≈Çowy ju≈º bardzo dobra.,"2.096000,2.047000,4.126000,4.138000,2.026000,2.090000"
d45b5,8,2.0959999999999996,2.047,4.1259999999999994,4.138,2.026,2.09,7,4,3,20,33,NA,"2.096000,2.047000,4.126000,4.138000,2.026000,2.090000"
f0ed7,8,2.0959999999999996,2.047,4.1259999999999994,4.138,2.026,2.09,7,4,3,20,33,NA,"2.096000,2.047000,4.126000,4.138000,2.026000,2.090000"
f7c29,8,2.0959999999999996,2.047,4.1259999999999994,4.138,2.026,2.09,7,4,2,20,33,NA,"2.096000,2.047000,4.126000,4.138000,2.026000,2.090000"
f865c,8,2.0959999999999996,2.047,4.1259999999999994,4.138,2.026,2.09,7,4,3,20,33,NA,"2.096000,2.047000,4.126000,4.138000,2.026000,2.090000"
00c2c,9,2.129,2.148,2.064,2.0189999999999997,4.1819999999999995,4.1819999999999995,7,4,3,21,32,NA,"2.129000,2.148000,2.064000,2.019000,4.182000,4.182000"
0d293,9,2.129,2.148,2.064,2.0189999999999997,4.1819999999999995,4.1819999999999995,7,4,4,21,32,NA,"2.129000,2.148000,2.064000,2.019000,4.182000,4.182000"
27e23,9,2.129,2.148,2.064,2.0189999999999997,4.1819999999999995,4.1819999999999995,7,4,3,21,32,NA,"2.129000,2.148000,2.064000,2.019000,4.182000,4.182000"
3adab,9,2.129,2.148,2.064,2.0189999999999997,4.1819999999999995,4.1819999999999995,7,4,3,21,32,NA,"2.129000,2.148000,2.064000,2.019000,4.182000,4.182000"
40c71,9,2.129,2.148,2.064,2.0189999999999997,4.1819999999999995,4.1819999999999995,7,4,3,21,32,NA,"2.129000,2.148000,2.064000,2.019000,4.182000,4.182000"
559e2,9,2.129,2.148,2.064,2.0189999999999997,4.1819999999999995,4.1819999999999995,7,4,4,21,32,NA,"2.129000,2.148000,2.064000,2.019000,4.182000,4.182000"
57ea9,9,2.129,2.148,2.064,2.0189999999999997,4.1819999999999995,4.1819999999999995,7,4,4,21,32,PiƒÖtek i sobotƒô wspania≈Ça reszta dni dobra,"2.129000,2.148000,2.064000,2.019000,4.182000,4.182000"
5aa56,9,2.129,2.148,2.064,2.0189999999999997,4.1819999999999995,4.1819999999999995,7,4,3,21,32,NA,"2.129000,2.148000,2.064000,2.019000,4.182000,4.182000"
5c3d1,9,2.129,2.148,2.064,2.0189999999999997,4.1819999999999995,4.1819999999999995,7,4,4,21,32,NA,"2.129000,2.148000,2.064000,2.019000,4.182000,4.182000"
7d03b,9,2.129,2.148,2.064,2.0189999999999997,4.1819999999999995,4.1819999999999995,7,4,2,21,32,"Poniedzia≈Çek - Czwartek: s≈Çaba jako≈õƒá 
PiƒÖtek - Sobota: umiarkowana jako≈õƒá","2.129000,2.148000,2.064000,2.019000,4.182000,4.182000"
88df4,9,2.129,2.148,2.064,2.0189999999999997,4.1819999999999995,4.1819999999999995,7,4,2,21,32,Filmiki by≈Çy z≈Çej jako≈õci obraz rozmyty i nieostry,"2.129000,2.148000,2.064000,2.019000,4.182000,4.182000"
a711f,9,2.129,2.148,2.064,2.0189999999999997,4.1819999999999995,4.1819999999999995,7,4,2,21,32,NA,"2.129000,2.148000,2.064000,2.019000,4.182000,4.182000"
b7150,9,2.129,2.148,2.064,2.0189999999999997,4.1819999999999995,4.1819999999999995,7,4,4,21,32,NA,"2.129000,2.148000,2.064000,2.019000,4.182000,4.182000"
bb4ea,9,2.129,2.148,2.064,2.0189999999999997,4.1819999999999995,4.1819999999999995,7,4,2,21,32,NA,"2.129000,2.148000,2.064000,2.019000,4.182000,4.182000"
bb8d0,9,2.129,2.148,2.064,2.0189999999999997,4.1819999999999995,4.1819999999999995,7,4,3,21,32,NA,"2.129000,2.148000,2.064000,2.019000,4.182000,4.182000"
bd209,9,2.129,2.148,2.064,2.0189999999999997,4.1819999999999995,4.1819999999999995,7,4,3,21,32,NA,"2.129000,2.148000,2.064000,2.019000,4.182000,4.182000"
c05b7,9,2.129,2.148,2.064,2.0189999999999997,4.1819999999999995,4.1819999999999995,7,4,4,21,32,NA,"2.129000,2.148000,2.064000,2.019000,4.182000,4.182000"
c42b6,9,2.129,2.148,2.064,2.0189999999999997,4.1819999999999995,4.1819999999999995,7,4,3,21,32,Zaczƒô≈Çy siƒô pojawiaƒá powiadomienia o dostƒôpnym video üôÇ,"2.129000,2.148000,2.064000,2.019000,4.182000,4.182000"
c565b,9,2.129,2.148,2.064,2.0189999999999997,4.1819999999999995,4.1819999999999995,7,4,3,21,32,"Jako≈õƒá film√≥w diametralnie siƒô miƒôdzy sobƒÖ r√≥≈ºni, w takim razie jak oceniƒá je zbiorczo za pomocƒÖ jednego okre≈õlenia? Uwa≈ºam, ≈ºe ocena powinna byƒá wystawiana codziennie po ka≈ºdym pojedynczym filmie.","2.129000,2.148000,2.064000,2.019000,4.182000,4.182000"
d45b5,9,2.129,2.148,2.064,2.0189999999999997,4.1819999999999995,4.1819999999999995,7,4,3,21,32,NA,"2.129000,2.148000,2.064000,2.019000,4.182000,4.182000"
f865c,9,2.129,2.148,2.064,2.0189999999999997,4.1819999999999995,4.1819999999999995,7,4,3,21,32,NA,"2.129000,2.148000,2.064000,2.019000,4.182000,4.182000"
00c2c,10,4.1819999999999995,4.148,2.01,2.0589999999999997,1.9449999999999998,2.066,7,4,4,23,37,NA,"4.182000,4.148000,2.010000,2.059000,1.945000,2.066000"
0d293,10,4.1819999999999995,4.148,2.01,2.0589999999999997,1.9449999999999998,2.066,7,4,3,23,37,NA,"4.182000,4.148000,2.010000,2.059000,1.945000,2.066000"
27e23,10,4.1819999999999995,4.148,2.01,2.0589999999999997,1.9449999999999998,2.066,7,4,3,23,37,NA,"4.182000,4.148000,2.010000,2.059000,1.945000,2.066000"
3adab,10,4.1819999999999995,4.148,2.01,2.0589999999999997,1.9449999999999998,2.066,7,4,2,23,37,"Niekiedy bywajƒÖ d≈∫wiƒôki prze≈ÇƒÖczania siƒô pomiƒôdzy wideo
S≈Çaba jako≈õƒá filmik√≥w by≈Ça w tym tygodniu","4.182000,4.148000,2.010000,2.059000,1.945000,2.066000"
54ed7,10,4.1819999999999995,4.148,2.01,2.0589999999999997,1.9449999999999998,2.066,7,4,2,23,37,NA,"4.182000,4.148000,2.010000,2.059000,1.945000,2.066000"
559e2,10,4.1819999999999995,4.148,2.01,2.0589999999999997,1.9449999999999998,2.066,7,4,3,23,37,NA,"4.182000,4.148000,2.010000,2.059000,1.945000,2.066000"
57ea9,10,4.1819999999999995,4.148,2.01,2.0589999999999997,1.9449999999999998,2.066,7,4,4,23,37,Poniedzia≈Çek i wtorek super reszta dobra,"4.182000,4.148000,2.010000,2.059000,1.945000,2.066000"
5870e,10,4.1819999999999995,4.148,2.01,2.0589999999999997,1.9449999999999998,2.066,7,4,4,23,37,NA,"4.182000,4.148000,2.010000,2.059000,1.945000,2.066000"
5c3d1,10,4.1819999999999995,4.148,2.01,2.0589999999999997,1.9449999999999998,2.066,7,4,4,23,37,NA,"4.182000,4.148000,2.010000,2.059000,1.945000,2.066000"
7d03b,10,4.1819999999999995,4.148,2.01,2.0589999999999997,1.9449999999999998,2.066,7,4,2,23,37,"Poniedzia≈Çek - Wtorek i PiƒÖtek - Sobota: s≈Çaba jako≈õƒá 
≈öroda I Czwartek: dobra jako≈õƒá","4.182000,4.148000,2.010000,2.059000,1.945000,2.066000"
88df4,10,4.1819999999999995,4.148,2.01,2.0589999999999997,1.9449999999999998,2.066,7,4,1,23,37,Prawie wszystkie filmy mia≈Çy s≈ÇabƒÖ jako≈õƒá Mo≈ºe jeden trafi≈Ç siƒô dobrej jako≈õci w po≈Çowie tygodnia Obraz falowa≈Ç i by≈Ç nieostry trudno by≈Ço zobaczyƒá szczeg√≥≈Çy,"4.182000,4.148000,2.010000,2.059000,1.945000,2.066000"
8a560,10,4.1819999999999995,4.148,2.01,2.0589999999999997,1.9449999999999998,2.066,7,4,4,23,37,NA,"4.182000,4.148000,2.010000,2.059000,1.945000,2.066000"
8caa8,10,4.1819999999999995,4.148,2.01,2.0589999999999997,1.9449999999999998,2.066,7,4,3,23,37,NA,"4.182000,4.148000,2.010000,2.059000,1.945000,2.066000"
a711f,10,4.1819999999999995,4.148,2.01,2.0589999999999997,1.9449999999999998,2.066,7,5,3,23,37,NA,"4.182000,4.148000,2.010000,2.059000,1.945000,2.066000"
bb4ea,10,4.1819999999999995,4.148,2.01,2.0589999999999997,1.9449999999999998,2.066,7,4,3,23,37,Jako≈õ zmienia≈Ça siƒô w trakcie wy≈õwietlania.,"4.182000,4.148000,2.010000,2.059000,1.945000,2.066000"
bb8d0,10,4.1819999999999995,4.148,2.01,2.0589999999999997,1.9449999999999998,2.066,7,4,3,23,37,NA,"4.182000,4.148000,2.010000,2.059000,1.945000,2.066000"
bd209,10,4.1819999999999995,4.148,2.01,2.0589999999999997,1.9449999999999998,2.066,7,4,2,23,37,NA,"4.182000,4.148000,2.010000,2.059000,1.945000,2.066000"
c05b7,10,4.1819999999999995,4.148,2.01,2.0589999999999997,1.9449999999999998,2.066,7,4,4,23,37,NA,"4.182000,4.148000,2.010000,2.059000,1.945000,2.066000"
c42b6,10,4.1819999999999995,4.148,2.01,2.0589999999999997,1.9449999999999998,2.066,7,4,3,23,37,NA,"4.182000,4.148000,2.010000,2.059000,1.945000,2.066000"
c565b,10,4.1819999999999995,4.148,2.01,2.0589999999999997,1.9449999999999998,2.066,7,4,3,23,37,NA,"4.182000,4.148000,2.010000,2.059000,1.945000,2.066000"
d45b5,10,4.1819999999999995,4.148,2.01,2.0589999999999997,1.9449999999999998,2.066,7,4,2,23,37,Wiƒôkszo≈õƒá filmik√≥w by≈Ça w kiepskiej jako≈õci,"4.182000,4.148000,2.010000,2.059000,1.945000,2.066000"
f75f6,10,4.1819999999999995,4.148,2.01,2.0589999999999997,1.9449999999999998,2.066,7,4,2,23,37,"Pn - wspania≈Ça
Wt bardzo dobra 
≈ör - z≈Ça
Czw - z≈Ça
Pt - z≈Ça
SB z≈Ça","4.182000,4.148000,2.010000,2.059000,1.945000,2.066000"
f865c,10,4.1819999999999995,4.148,2.01,2.0589999999999997,1.9449999999999998,2.066,7,4,3,23,37,NA,"4.182000,4.148000,2.010000,2.059000,1.945000,2.066000"
00c2c,11,2.02,2.049,3.9219999999999997,3.981,2.093,2.042,7,4,4,24,32,NA,"2.020000,2.049000,3.922000,3.981000,2.093000,2.042000"
0d293,11,2.02,2.049,3.9219999999999997,3.981,2.093,2.042,7,4,3,24,32,NA,"2.020000,2.049000,3.922000,3.981000,2.093000,2.042000"
27e23,11,2.02,2.049,3.9219999999999997,3.981,2.093,2.042,7,4,2,24,32,NA,"2.020000,2.049000,3.922000,3.981000,2.093000,2.042000"
343ab,11,2.02,2.049,3.9219999999999997,3.981,2.093,2.042,7,4,2,24,32,NA,"2.020000,2.049000,3.922000,3.981000,2.093000,2.042000"
365cd,11,2.02,2.049,3.9219999999999997,3.981,2.093,2.042,7,4,3,24,32,NA,"2.020000,2.049000,3.922000,3.981000,2.093000,2.042000"
3adab,11,2.02,2.049,3.9219999999999997,3.981,2.093,2.042,7,4,3,24,32,"Niekiedy jako≈õƒá by≈Ça wspania≈Ça, ale pod koniec tygodnia s≈Çaba","2.020000,2.049000,3.922000,3.981000,2.093000,2.042000"
40c71,11,2.02,2.049,3.9219999999999997,3.981,2.093,2.042,7,4,3,24,32,NA,"2.020000,2.049000,3.922000,3.981000,2.093000,2.042000"
5542e,11,2.02,2.049,3.9219999999999997,3.981,2.093,2.042,7,4,3,24,32,NA,"2.020000,2.049000,3.922000,3.981000,2.093000,2.042000"
559e2,11,2.02,2.049,3.9219999999999997,3.981,2.093,2.042,7,4,3,24,32,NA,"2.020000,2.049000,3.922000,3.981000,2.093000,2.042000"
57ea9,11,2.02,2.049,3.9219999999999997,3.981,2.093,2.042,7,4,4,24,32,≈öroda i czwartek wspania≈Ça reszta dobra,"2.020000,2.049000,3.922000,3.981000,2.093000,2.042000"
5aa56,11,2.02,2.049,3.9219999999999997,3.981,2.093,2.042,7,4,3,24,32,NA,"2.020000,2.049000,3.922000,3.981000,2.093000,2.042000"
5c3d1,11,2.02,2.049,3.9219999999999997,3.981,2.093,2.042,7,4,4,24,32,NA,"2.020000,2.049000,3.922000,3.981000,2.093000,2.042000"
88df4,11,2.02,2.049,3.9219999999999997,3.981,2.093,2.042,7,4,3,24,32,Na og√≥≈Ç filmy nie by≈Çy dobrej jako≈õci ale pojawi≈Çy siƒô mo≈ºe dwa dobrej stƒÖd og√≥lna ocena umiarkowana,"2.020000,2.049000,3.922000,3.981000,2.093000,2.042000"
8a560,11,2.02,2.049,3.9219999999999997,3.981,2.093,2.042,7,4,4,24,32,NA,"2.020000,2.049000,3.922000,3.981000,2.093000,2.042000"
9d7d1,11,2.02,2.049,3.9219999999999997,3.981,2.093,2.042,7,4,4,24,32,NA,"2.020000,2.049000,3.922000,3.981000,2.093000,2.042000"
a711f,11,2.02,2.049,3.9219999999999997,3.981,2.093,2.042,7,4,3,24,32,NA,"2.020000,2.049000,3.922000,3.981000,2.093000,2.042000"
b7150,11,2.02,2.049,3.9219999999999997,3.981,2.093,2.042,7,4,4,24,32,NA,"2.020000,2.049000,3.922000,3.981000,2.093000,2.042000"
bb4ea,11,2.02,2.049,3.9219999999999997,3.981,2.093,2.042,7,4,2,24,32,NA,"2.020000,2.049000,3.922000,3.981000,2.093000,2.042000"
bd209,11,2.02,2.049,3.9219999999999997,3.981,2.093,2.042,7,4,2,24,32,NA,"2.020000,2.049000,3.922000,3.981000,2.093000,2.042000"
c05b7,11,2.02,2.049,3.9219999999999997,3.981,2.093,2.042,7,4,4,24,32,"W ≈õrodƒô i czwartek jako≈õƒá film√≥w by≈Ça wspania≈Ça, a w pozosta≈Çe dni umiarkowana","2.020000,2.049000,3.922000,3.981000,2.093000,2.042000"
c42b6,11,2.02,2.049,3.9219999999999997,3.981,2.093,2.042,7,4,3,24,32,NA,"2.020000,2.049000,3.922000,3.981000,2.093000,2.042000"
c565b,11,2.02,2.049,3.9219999999999997,3.981,2.093,2.042,7,4,3,24,32,NA,"2.020000,2.049000,3.922000,3.981000,2.093000,2.042000"
f7c29,11,2.02,2.049,3.9219999999999997,3.981,2.093,2.042,7,4,3,24,32,NA,"2.020000,2.049000,3.922000,3.981000,2.093000,2.042000"
f865c,11,2.02,2.049,3.9219999999999997,3.981,2.093,2.042,7,4,3,24,32,NA,"2.020000,2.049000,3.922000,3.981000,2.093000,2.042000"
00c2c,12,2.1319999999999997,2.103,2.013,2.1,3.9499999999999997,3.9909999999999997,7,4,3,19,33,NA,"2.132000,2.103000,2.013000,2.100000,3.950000,3.991000"
0d293,12,2.1319999999999997,2.103,2.013,2.1,3.9499999999999997,3.9909999999999997,7,4,3,19,33,NA,"2.132000,2.103000,2.013000,2.100000,3.950000,3.991000"
27e23,12,2.1319999999999997,2.103,2.013,2.1,3.9499999999999997,3.9909999999999997,7,4,2,19,33,NA,"2.132000,2.103000,2.013000,2.100000,3.950000,3.991000"
365cd,12,2.1319999999999997,2.103,2.013,2.1,3.9499999999999997,3.9909999999999997,7,4,3,19,33,NA,"2.132000,2.103000,2.013000,2.100000,3.950000,3.991000"
3adab,12,2.1319999999999997,2.103,2.013,2.1,3.9499999999999997,3.9909999999999997,7,4,3,19,33,NA,"2.132000,2.103000,2.013000,2.100000,3.950000,3.991000"
40c71,12,2.1319999999999997,2.103,2.013,2.1,3.9499999999999997,3.9909999999999997,7,4,3,19,33,NA,"2.132000,2.103000,2.013000,2.100000,3.950000,3.991000"
5542e,12,2.1319999999999997,2.103,2.013,2.1,3.9499999999999997,3.9909999999999997,7,4,3,19,33,NA,"2.132000,2.103000,2.013000,2.100000,3.950000,3.991000"
57ea9,12,2.1319999999999997,2.103,2.013,2.1,3.9499999999999997,3.9909999999999997,7,4,5,19,33,PiƒÖtek i sobota wspania≈Ça reszta dobra,"2.132000,2.103000,2.013000,2.100000,3.950000,3.991000"
5c3d1,12,2.1319999999999997,2.103,2.013,2.1,3.9499999999999997,3.9909999999999997,7,4,4,19,33,NA,"2.132000,2.103000,2.013000,2.100000,3.950000,3.991000"
7d03b,12,2.1319999999999997,2.103,2.013,2.1,3.9499999999999997,3.9909999999999997,7,4,2,19,33,"Poniedzia≈Çek-czwartek: s≈Çaba jako≈õƒá 
PiƒÖtek-sobota: dobra jako≈õƒá","2.132000,2.103000,2.013000,2.100000,3.950000,3.991000"
88df4,12,2.1319999999999997,2.103,2.013,2.1,3.9499999999999997,3.9909999999999997,7,4,3,19,33,Tylko ostatnie dwa filmiki by≈Çy dobrej jako≈õci te poprzednie mia≈Çy s≈ÇabƒÖ ostro≈õƒá i momentami obraz by≈Ç s≈Çabo widoczny.,"2.132000,2.103000,2.013000,2.100000,3.950000,3.991000"
a711f,12,2.1319999999999997,2.103,2.013,2.1,3.9499999999999997,3.9909999999999997,7,4,3,19,33,NA,"2.132000,2.103000,2.013000,2.100000,3.950000,3.991000"
bd209,12,2.1319999999999997,2.103,2.013,2.1,3.9499999999999997,3.9909999999999997,7,4,2,19,33,NA,"2.132000,2.103000,2.013000,2.100000,3.950000,3.991000"
c05b7,12,2.1319999999999997,2.103,2.013,2.1,3.9499999999999997,3.9909999999999997,7,4,2,19,33,W piƒÖtek i sobotƒô jako≈õƒá film√≥w by≈Ça lepsza,"2.132000,2.103000,2.013000,2.100000,3.950000,3.991000"
c42b6,12,2.1319999999999997,2.103,2.013,2.1,3.9499999999999997,3.9909999999999997,7,4,4,19,33,NA,"2.132000,2.103000,2.013000,2.100000,3.950000,3.991000"
c565b,12,2.1319999999999997,2.103,2.013,2.1,3.9499999999999997,3.9909999999999997,7,4,3,19,33,NA,"2.132000,2.103000,2.013000,2.100000,3.950000,3.991000"
d45b5,12,2.1319999999999997,2.103,2.013,2.1,3.9499999999999997,3.9909999999999997,7,4,2,19,33,NA,"2.132000,2.103000,2.013000,2.100000,3.950000,3.991000"
f1308,12,2.1319999999999997,2.103,2.013,2.1,3.9499999999999997,3.9909999999999997,7,4,5,19,33,"Filmy wraz z kolejnymi dniami tygodnia mia≈Çy co raz to lepszƒÖ jako≈õƒá. Je≈õli dobrze pamiƒôtam, w ≈õrodƒô film delikatnie siƒô te≈º przycina≈Ç.","2.132000,2.103000,2.013000,2.100000,3.950000,3.991000"
f865c,12,2.1319999999999997,2.103,2.013,2.1,3.9499999999999997,3.9909999999999997,7,4,3,19,33,NA,"2.132000,2.103000,2.013000,2.100000,3.950000,3.991000"
00c2c,13,3.8709999999999996,3.921,1.9429999999999998,2.046,2.2,2.022,7,4,3,20,31,NA,"3.871000,3.921000,1.943000,2.046000,2.200000,2.022000"
0d293,13,3.8709999999999996,3.921,1.9429999999999998,2.046,2.2,2.022,7,4,3,20,31,NA,"3.871000,3.921000,1.943000,2.046000,2.200000,2.022000"
27e23,13,3.8709999999999996,3.921,1.9429999999999998,2.046,2.2,2.022,7,4,3,20,31,NA,"3.871000,3.921000,1.943000,2.046000,2.200000,2.022000"
40c71,13,3.8709999999999996,3.921,1.9429999999999998,2.046,2.2,2.022,7,4,3,20,31,NA,"3.871000,3.921000,1.943000,2.046000,2.200000,2.022000"
4d5eb,13,3.8709999999999996,3.921,1.9429999999999998,2.046,2.2,2.022,7,4,3,20,31,NA,"3.871000,3.921000,1.943000,2.046000,2.200000,2.022000"
54ed7,13,3.8709999999999996,3.921,1.9429999999999998,2.046,2.2,2.022,7,4,3,20,31,NA,"3.871000,3.921000,1.943000,2.046000,2.200000,2.022000"
559e2,13,3.8709999999999996,3.921,1.9429999999999998,2.046,2.2,2.022,7,4,2,20,31,NA,"3.871000,3.921000,1.943000,2.046000,2.200000,2.022000"
57ea9,13,3.8709999999999996,3.921,1.9429999999999998,2.046,2.2,2.022,7,4,4,20,31,Poniedzia≈Çek i wtorek wspania≈Ça reszta dobra,"3.871000,3.921000,1.943000,2.046000,2.200000,2.022000"
5870e,13,3.8709999999999996,3.921,1.9429999999999998,2.046,2.2,2.022,7,4,3,20,31,NA,"3.871000,3.921000,1.943000,2.046000,2.200000,2.022000"
5aa56,13,3.8709999999999996,3.921,1.9429999999999998,2.046,2.2,2.022,7,4,3,20,31,NA,"3.871000,3.921000,1.943000,2.046000,2.200000,2.022000"
7d03b,13,3.8709999999999996,3.921,1.9429999999999998,2.046,2.2,2.022,7,4,2,20,31,NA,"3.871000,3.921000,1.943000,2.046000,2.200000,2.022000"
88df4,13,3.8709999999999996,3.921,1.9429999999999998,2.046,2.2,2.022,7,4,2,20,31,Prawie wszystkie filmiki s≈Çabej jako≈õci Mo≈ºe jeden lub dwa z poczƒÖtku tygodnia mia≈Çy bardzo dobra jako≈õƒá Pozosta≈Çe by≈Çy nieostre a obraz rozmyty,"3.871000,3.921000,1.943000,2.046000,2.200000,2.022000"
9d7d1,13,3.8709999999999996,3.921,1.9429999999999998,2.046,2.2,2.022,7,4,4,20,31,NA,"3.871000,3.921000,1.943000,2.046000,2.200000,2.022000"
a711f,13,3.8709999999999996,3.921,1.9429999999999998,2.046,2.2,2.022,7,4,2,20,31,NA,"3.871000,3.921000,1.943000,2.046000,2.200000,2.022000"
bd209,13,3.8709999999999996,3.921,1.9429999999999998,2.046,2.2,2.022,7,4,2,20,31,NA,"3.871000,3.921000,1.943000,2.046000,2.200000,2.022000"
c05b7,13,3.8709999999999996,3.921,1.9429999999999998,2.046,2.2,2.022,7,4,2,20,31,NA,"3.871000,3.921000,1.943000,2.046000,2.200000,2.022000"
c42b6,13,3.8709999999999996,3.921,1.9429999999999998,2.046,2.2,2.022,7,4,3,20,31,NA,"3.871000,3.921000,1.943000,2.046000,2.200000,2.022000"
f75f6,13,3.8709999999999996,3.921,1.9429999999999998,2.046,2.2,2.022,7,4,2,20,31,NA,"3.871000,3.921000,1.943000,2.046000,2.200000,2.022000"
f7c29,13,3.8709999999999996,3.921,1.9429999999999998,2.046,2.2,2.022,7,4,2,20,31,NA,"3.871000,3.921000,1.943000,2.046000,2.200000,2.022000"
f865c,13,3.8709999999999996,3.921,1.9429999999999998,2.046,2.2,2.022,7,4,2,20,31,NA,"3.871000,3.921000,1.943000,2.046000,2.200000,2.022000"
00c2c,14,4.084,4.058,2.4509999999999996,2.074,3.963,3.96,7,2,4,24,36,NA,"4.084000,4.058000,2.451000,2.074000,3.963000,3.960000"
0d293,14,4.084,4.058,2.4509999999999996,2.074,3.963,3.96,7,2,4,24,36,NA,"4.084000,4.058000,2.451000,2.074000,3.963000,3.960000"
27e23,14,4.084,4.058,2.4509999999999996,2.074,3.963,3.96,7,2,2,24,36,NA,"4.084000,4.058000,2.451000,2.074000,3.963000,3.960000"
3adab,14,4.084,4.058,2.4509999999999996,2.074,3.963,3.96,7,2,4,24,36,"Na poczƒÖtku tygodnia filmiki by≈Çej z≈Çej/umiarkowanej jako≈õci, ale pod koniec ju≈º by≈Çy bardzo dobrej jako≈õci","4.084000,4.058000,2.451000,2.074000,3.963000,3.960000"
54ed7,14,4.084,4.058,2.4509999999999996,2.074,3.963,3.96,7,2,5,24,36,NA,"4.084000,4.058000,2.451000,2.074000,3.963000,3.960000"
5542e,14,4.084,4.058,2.4509999999999996,2.074,3.963,3.96,7,2,4,24,36,NA,"4.084000,4.058000,2.451000,2.074000,3.963000,3.960000"
57ea9,14,4.084,4.058,2.4509999999999996,2.074,3.963,3.96,7,2,5,24,36,≈öroda i czwartek dobra reszta wspania≈Ça,"4.084000,4.058000,2.451000,2.074000,3.963000,3.960000"
5870e,14,4.084,4.058,2.4509999999999996,2.074,3.963,3.96,7,2,2,24,36,NA,"4.084000,4.058000,2.451000,2.074000,3.963000,3.960000"
5c3d1,14,4.084,4.058,2.4509999999999996,2.074,3.963,3.96,7,2,4,24,36,NA,"4.084000,4.058000,2.451000,2.074000,3.963000,3.960000"
7d03b,14,4.084,4.058,2.4509999999999996,2.074,3.963,3.96,7,2,4,24,36,NA,"4.084000,4.058000,2.451000,2.074000,3.963000,3.960000"
88df4,14,4.084,4.058,2.4509999999999996,2.074,3.963,3.96,7,2,3,24,36,Filmy by≈Çy zazwyczaj dobrej i bardzo dobrej  jako≈õci ale dwa filmy mia≈Çy s≈ÇabƒÖ ostro≈õƒá  stƒÖd og√≥lna ocena,"4.084000,4.058000,2.451000,2.074000,3.963000,3.960000"
898c1,14,4.084,4.058,2.4509999999999996,2.074,3.963,3.96,7,2,3,24,36,Na poczƒÖtku tygodnia jako≈õƒá lepsza ni≈º pod koniec. Mi≈Ça odmiana od filmik√≥w z naturƒÖ ;),"4.084000,4.058000,2.451000,2.074000,3.963000,3.960000"
8a560,14,4.084,4.058,2.4509999999999996,2.074,3.963,3.96,7,2,3,24,36,NA,"4.084000,4.058000,2.451000,2.074000,3.963000,3.960000"
9d7d1,14,4.084,4.058,2.4509999999999996,2.074,3.963,3.96,7,2,4,24,36,NA,"4.084000,4.058000,2.451000,2.074000,3.963000,3.960000"
a711f,14,4.084,4.058,2.4509999999999996,2.074,3.963,3.96,7,2,4,24,36,NA,"4.084000,4.058000,2.451000,2.074000,3.963000,3.960000"
b7150,14,4.084,4.058,2.4509999999999996,2.074,3.963,3.96,7,2,4,24,36,NA,"4.084000,4.058000,2.451000,2.074000,3.963000,3.960000"
bb4ea,14,4.084,4.058,2.4509999999999996,2.074,3.963,3.96,7,2,3,24,36,Wszystkie filmy by≈Çy w zwolnionym tempie.,"4.084000,4.058000,2.451000,2.074000,3.963000,3.960000"
bd209,14,4.084,4.058,2.4509999999999996,2.074,3.963,3.96,7,2,3,24,36,NA,"4.084000,4.058000,2.451000,2.074000,3.963000,3.960000"
c05b7,14,4.084,4.058,2.4509999999999996,2.074,3.963,3.96,7,2,4,24,36,"W ≈õrodƒô i czwartek jako≈õƒá film√≥w by≈Ça s≈Çaba, a w pozosta≈Çe dni wspania≈Ça","4.084000,4.058000,2.451000,2.074000,3.963000,3.960000"
c42b6,14,4.084,4.058,2.4509999999999996,2.074,3.963,3.96,7,2,4,24,36,"Zmieni≈Ça siƒô tematyka. W niekt√≥re dni jako≈õƒá by≈Ça wspania≈Ça, w niekt√≥re s≈Çaba. Dlatego og√≥lna ocena dobra.","4.084000,4.058000,2.451000,2.074000,3.963000,3.960000"
c565b,14,4.084,4.058,2.4509999999999996,2.074,3.963,3.96,7,2,3,24,36,NA,"4.084000,4.058000,2.451000,2.074000,3.963000,3.960000"
d45b5,14,4.084,4.058,2.4509999999999996,2.074,3.963,3.96,7,2,3,24,36,NA,"4.084000,4.058000,2.451000,2.074000,3.963000,3.960000"
f75f6,14,4.084,4.058,2.4509999999999996,2.074,3.963,3.96,7,2,3,24,36,"Pn - dobra
Wt - dobra
≈ör - z≈Ça
Czw - z≈Ça
Pt - umiarkowana
SB - bardzo dobra","4.084000,4.058000,2.451000,2.074000,3.963000,3.960000"
f865c,14,4.084,4.058,2.4509999999999996,2.074,3.963,3.96,7,2,4,24,36,NA,"4.084000,4.058000,2.451000,2.074000,3.963000,3.960000"
00c2c,15,3.9909999999999997,4.034,2.485,2.384,2.085,2.066,7,4,2,22,34,NA,"3.991000,4.034000,2.485000,2.384000,2.085000,2.066000"
0d293,15,3.9909999999999997,4.034,2.485,2.384,2.085,2.066,7,4,4,22,34,NA,"3.991000,4.034000,2.485000,2.384000,2.085000,2.066000"
27e23,15,3.9909999999999997,4.034,2.485,2.384,2.085,2.066,7,4,3,22,34,NA,"3.991000,4.034000,2.485000,2.384000,2.085000,2.066000"
54ed7,15,3.9909999999999997,4.034,2.485,2.384,2.085,2.066,7,4,2,22,34,NA,"3.991000,4.034000,2.485000,2.384000,2.085000,2.066000"
559e2,15,3.9909999999999997,4.034,2.485,2.384,2.085,2.066,7,4,2,22,34,NA,"3.991000,4.034000,2.485000,2.384000,2.085000,2.066000"
57ea9,15,3.9909999999999997,4.034,2.485,2.384,2.085,2.066,7,4,4,22,34,Poniedzia≈Çek i wtorek wspania≈Ça reszta dobra,"3.991000,4.034000,2.485000,2.384000,2.085000,2.066000"
5870e,15,3.9909999999999997,4.034,2.485,2.384,2.085,2.066,7,4,2,22,34,NA,"3.991000,4.034000,2.485000,2.384000,2.085000,2.066000"
5aa56,15,3.9909999999999997,4.034,2.485,2.384,2.085,2.066,7,4,2,22,34,NA,"3.991000,4.034000,2.485000,2.384000,2.085000,2.066000"
5c3d1,15,3.9909999999999997,4.034,2.485,2.384,2.085,2.066,7,4,3,22,34,NA,"3.991000,4.034000,2.485000,2.384000,2.085000,2.066000"
7d03b,15,3.9909999999999997,4.034,2.485,2.384,2.085,2.066,7,4,2,22,34,"4 dni - s≈Çaba jako≈õƒá 
2 dni - dobra jako≈õƒá","3.991000,4.034000,2.485000,2.384000,2.085000,2.066000"
88df4,15,3.9909999999999997,4.034,2.485,2.384,2.085,2.066,7,4,2,22,34,W≈Ça≈õciwie to prawie wszystkie filmy by≈Çy z≈Çej jako≈õci - s≈Çaba ostro≈õƒá i rozmyty obraz. Mo≈ºe dwa poczƒÖtkowe by≈Çy stosunkowo  dobre stƒÖd ocena nie najni≈ºsza dla ca≈Ço≈õci,"3.991000,4.034000,2.485000,2.384000,2.085000,2.066000"
9d7d1,15,3.9909999999999997,4.034,2.485,2.384,2.085,2.066,7,4,3,22,34,NA,"3.991000,4.034000,2.485000,2.384000,2.085000,2.066000"
a711f,15,3.9909999999999997,4.034,2.485,2.384,2.085,2.066,7,4,3,22,34,NA,"3.991000,4.034000,2.485000,2.384000,2.085000,2.066000"
b7150,15,3.9909999999999997,4.034,2.485,2.384,2.085,2.066,7,4,2,22,34,NA,"3.991000,4.034000,2.485000,2.384000,2.085000,2.066000"
bd209,15,3.9909999999999997,4.034,2.485,2.384,2.085,2.066,7,4,3,22,34,NA,"3.991000,4.034000,2.485000,2.384000,2.085000,2.066000"
c05b7,15,3.9909999999999997,4.034,2.485,2.384,2.085,2.066,7,4,2,22,34,NA,"3.991000,4.034000,2.485000,2.384000,2.085000,2.066000"
c42b6,15,3.9909999999999997,4.034,2.485,2.384,2.085,2.066,7,4,1,22,34,W tym tygodniu tak≈ºe jako≈õƒá film√≥w r√≥≈ºni≈Ça siƒô miƒôdzy sobƒÖ. Jednak by≈Çy filmy o jako≈õci ≈ºe prawie nie mo≈ºna by≈Ço rozpoznaƒá kszta≈Çt√≥w.,"3.991000,4.034000,2.485000,2.384000,2.085000,2.066000"
c565b,15,3.9909999999999997,4.034,2.485,2.384,2.085,2.066,7,4,2,22,34,NA,"3.991000,4.034000,2.485000,2.384000,2.085000,2.066000"
d45b5,15,3.9909999999999997,4.034,2.485,2.384,2.085,2.066,7,4,2,22,34,Wiƒôkszo≈õƒá filmik√≥w by≈Ço w bardzo s≈Çabej jako≈õci,"3.991000,4.034000,2.485000,2.384000,2.085000,2.066000"
f0ed7,15,3.9909999999999997,4.034,2.485,2.384,2.085,2.066,7,4,2,22,34,NA,"3.991000,4.034000,2.485000,2.384000,2.085000,2.066000"
f75f6,15,3.9909999999999997,4.034,2.485,2.384,2.085,2.066,7,4,2,22,34,"Pn - dobra
Wt dobra
≈ör z≈Ça
Czw - z≈Ça
Pt - z≈Ça
SB - z≈Ça","3.991000,4.034000,2.485000,2.384000,2.085000,2.066000"
f865c,15,3.9909999999999997,4.034,2.485,2.384,2.085,2.066,7,4,3,22,34,NA,"3.991000,4.034000,2.485000,2.384000,2.085000,2.066000"
00c2c,16,2.289,2.269,3.9549999999999996,4.06,4.063,4.041,7,2,3,18,34,NA,"2.289000,2.269000,3.955000,4.060000,4.063000,4.041000"
27e23,16,2.289,2.269,3.9549999999999996,4.06,4.063,4.041,7,2,4,18,34,NA,"2.289000,2.269000,3.955000,4.060000,4.063000,4.041000"
3adab,16,2.289,2.269,3.9549999999999996,4.06,4.063,4.041,7,2,3,18,34,NA,"2.289000,2.269000,3.955000,4.060000,4.063000,4.041000"
54ed7,16,2.289,2.269,3.9549999999999996,4.06,4.063,4.041,7,2,5,18,34,NA,"2.289000,2.269000,3.955000,4.060000,4.063000,4.041000"
559e2,16,2.289,2.269,3.9549999999999996,4.06,4.063,4.041,7,2,4,18,34,NA,"2.289000,2.269000,3.955000,4.060000,4.063000,4.041000"
57ea9,16,2.289,2.269,3.9549999999999996,4.06,4.063,4.041,7,2,5,18,34,Poniedzia≈Çek i wtorek dobra reszta wspania≈Ça,"2.289000,2.269000,3.955000,4.060000,4.063000,4.041000"
5870e,16,2.289,2.269,3.9549999999999996,4.06,4.063,4.041,7,2,4,18,34,NA,"2.289000,2.269000,3.955000,4.060000,4.063000,4.041000"
7d03b,16,2.289,2.269,3.9549999999999996,4.06,4.063,4.041,7,2,4,18,34,"4 filmiki z dobrƒÖ jako≈õciƒÖ 
2 filmiki ze z≈ÇƒÖ jako≈õciƒÖ","2.289000,2.269000,3.955000,4.060000,4.063000,4.041000"
88df4,16,2.289,2.269,3.9549999999999996,4.06,4.063,4.041,7,2,4,18,34,W≈Ça≈õciwie to mo≈ºe jeden film nie by≈Ç dobrej jako≈õci Pozosta≈Çe by≈Çy dobre i bardzo dobre bez zastrze≈ºe≈Ñ,"2.289000,2.269000,3.955000,4.060000,4.063000,4.041000"
9d7d1,16,2.289,2.269,3.9549999999999996,4.06,4.063,4.041,7,2,4,18,34,NA,"2.289000,2.269000,3.955000,4.060000,4.063000,4.041000"
a711f,16,2.289,2.269,3.9549999999999996,4.06,4.063,4.041,7,2,3,18,34,NA,"2.289000,2.269000,3.955000,4.060000,4.063000,4.041000"
b7150,16,2.289,2.269,3.9549999999999996,4.06,4.063,4.041,7,2,4,18,34,NA,"2.289000,2.269000,3.955000,4.060000,4.063000,4.041000"
bb4ea,16,2.289,2.269,3.9549999999999996,4.06,4.063,4.041,7,2,4,18,34,NA,"2.289000,2.269000,3.955000,4.060000,4.063000,4.041000"
bd209,16,2.289,2.269,3.9549999999999996,4.06,4.063,4.041,7,2,3,18,34,NA,"2.289000,2.269000,3.955000,4.060000,4.063000,4.041000"
c05b7,16,2.289,2.269,3.9549999999999996,4.06,4.063,4.041,7,2,4,18,34,NA,"2.289000,2.269000,3.955000,4.060000,4.063000,4.041000"
c565b,16,2.289,2.269,3.9549999999999996,4.06,4.063,4.041,7,2,2,18,34,NA,"2.289000,2.269000,3.955000,4.060000,4.063000,4.041000"
d45b5,16,2.289,2.269,3.9549999999999996,4.06,4.063,4.041,7,2,3,18,34,NA,"2.289000,2.269000,3.955000,4.060000,4.063000,4.041000"
f0ed7,16,2.289,2.269,3.9549999999999996,4.06,4.063,4.041,7,2,3,18,34,NA,"2.289000,2.269000,3.955000,4.060000,4.063000,4.041000"
00c2c,17,2.4709999999999996,2.13,2.437,2.4579999999999997,4.349,4.331,7,4,2,20,34,NA,"2.471000,2.130000,2.437000,2.458000,4.349000,4.331000"
0d293,17,2.4709999999999996,2.13,2.437,2.4579999999999997,4.349,4.331,7,4,3,20,34,NA,"2.471000,2.130000,2.437000,2.458000,4.349000,4.331000"
27e23,17,2.4709999999999996,2.13,2.437,2.4579999999999997,4.349,4.331,7,4,4,20,34,NA,"2.471000,2.130000,2.437000,2.458000,4.349000,4.331000"
3adab,17,2.4709999999999996,2.13,2.437,2.4579999999999997,4.349,4.331,7,4,3,20,34,NA,"2.471000,2.130000,2.437000,2.458000,4.349000,4.331000"
40c71,17,2.4709999999999996,2.13,2.437,2.4579999999999997,4.349,4.331,7,4,3,20,34,NA,"2.471000,2.130000,2.437000,2.458000,4.349000,4.331000"
4d5eb,17,2.4709999999999996,2.13,2.437,2.4579999999999997,4.349,4.331,7,4,2,20,34,NA,"2.471000,2.130000,2.437000,2.458000,4.349000,4.331000"
57ea9,17,2.4709999999999996,2.13,2.437,2.4579999999999997,4.349,4.331,7,4,4,20,34,PiƒÖtek i sobota wspania≈Ça reszta dobra,"2.471000,2.130000,2.437000,2.458000,4.349000,4.331000"
5870e,17,2.4709999999999996,2.13,2.437,2.4579999999999997,4.349,4.331,7,4,4,20,34,NA,"2.471000,2.130000,2.437000,2.458000,4.349000,4.331000"
5c3d1,17,2.4709999999999996,2.13,2.437,2.4579999999999997,4.349,4.331,7,4,4,20,34,NA,"2.471000,2.130000,2.437000,2.458000,4.349000,4.331000"
7d03b,17,2.4709999999999996,2.13,2.437,2.4579999999999997,4.349,4.331,7,4,4,20,34,4 filmy dobra jako≈õƒá i 2 filmy z≈Ça jako≈õƒá,"2.471000,2.130000,2.437000,2.458000,4.349000,4.331000"
88df4,17,2.4709999999999996,2.13,2.437,2.4579999999999997,4.349,4.331,7,4,3,20,34,Tylko dwa ostatnie filmy by≈Çy wysokiej jako≈õci pozosta≈Çe s≈Çabej i obraz by≈Ç niewyra≈∫ny,"2.471000,2.130000,2.437000,2.458000,4.349000,4.331000"
8a560,17,2.4709999999999996,2.13,2.437,2.4579999999999997,4.349,4.331,7,4,3,20,34,NA,"2.471000,2.130000,2.437000,2.458000,4.349000,4.331000"
a711f,17,2.4709999999999996,2.13,2.437,2.4579999999999997,4.349,4.331,7,4,3,20,34,NA,"2.471000,2.130000,2.437000,2.458000,4.349000,4.331000"
bb4ea,17,2.4709999999999996,2.13,2.437,2.4579999999999997,4.349,4.331,7,4,3,20,34,NA,"2.471000,2.130000,2.437000,2.458000,4.349000,4.331000"
bd209,17,2.4709999999999996,2.13,2.437,2.4579999999999997,4.349,4.331,7,4,3,20,34,NA,"2.471000,2.130000,2.437000,2.458000,4.349000,4.331000"
c05b7,17,2.4709999999999996,2.13,2.437,2.4579999999999997,4.349,4.331,7,4,2,20,34,NA,"2.471000,2.130000,2.437000,2.458000,4.349000,4.331000"
c42b6,17,2.4709999999999996,2.13,2.437,2.4579999999999997,4.349,4.331,7,4,3,20,34,"Kolejny tydzie≈Ñ, gdzie by≈Ça r√≥≈ºna jako≈õƒá film√≥w w r√≥≈ºne dni. Ocena tygodniowa umiarkowana.","2.471000,2.130000,2.437000,2.458000,4.349000,4.331000"
d45b5,17,2.4709999999999996,2.13,2.437,2.4579999999999997,4.349,4.331,7,4,3,20,34,"Cze≈õƒá filmik√≥w w ≈õwietnej jako≈õci, czƒô≈õƒá w fatalnej","2.471000,2.130000,2.437000,2.458000,4.349000,4.331000"
f1308,17,2.4709999999999996,2.13,2.437,2.4579999999999997,4.349,4.331,7,4,3,20,34,"Filmy na poczƒÖtku tygodnia by≈Çy s≈Çabej jako≈õci, a te pod koniec bardzo wysokiej.","2.471000,2.130000,2.437000,2.458000,4.349000,4.331000"
f7c29,17,2.4709999999999996,2.13,2.437,2.4579999999999997,4.349,4.331,7,4,2,20,34,NA,"2.471000,2.130000,2.437000,2.458000,4.349000,4.331000"
00c2c,18,2.984,2.121,4.031000000000001,4.079000000000001,2.054,2.522,7,4,2,19,31,NA,"2.984000,2.121000,4.031000,4.079000,2.054000,2.522000"
023ce,18,2.984,2.121,4.031000000000001,4.079000000000001,2.054,2.522,7,4,2,19,31,NA,"2.984000,2.121000,4.031000,4.079000,2.054000,2.522000"
27e23,18,2.984,2.121,4.031000000000001,4.079000000000001,2.054,2.522,7,4,4,19,31,NA,"2.984000,2.121000,4.031000,4.079000,2.054000,2.522000"
54ed7,18,2.984,2.121,4.031000000000001,4.079000000000001,2.054,2.522,7,4,3,19,31,NA,"2.984000,2.121000,4.031000,4.079000,2.054000,2.522000"
5542e,18,2.984,2.121,4.031000000000001,4.079000000000001,2.054,2.522,7,4,2,19,31,NA,"2.984000,2.121000,4.031000,4.079000,2.054000,2.522000"
559e2,18,2.984,2.121,4.031000000000001,4.079000000000001,2.054,2.522,7,4,3,19,31,NA,"2.984000,2.121000,4.031000,4.079000,2.054000,2.522000"
5870e,18,2.984,2.121,4.031000000000001,4.079000000000001,2.054,2.522,7,4,4,19,31,NA,"2.984000,2.121000,4.031000,4.079000,2.054000,2.522000"
5c3d1,18,2.984,2.121,4.031000000000001,4.079000000000001,2.054,2.522,7,4,3,19,31,NA,"2.984000,2.121000,4.031000,4.079000,2.054000,2.522000"
7d03b,18,2.984,2.121,4.031000000000001,4.079000000000001,2.054,2.522,7,4,2,19,31,NA,"2.984000,2.121000,4.031000,4.079000,2.054000,2.522000"
88df4,18,2.984,2.121,4.031000000000001,4.079000000000001,2.054,2.522,7,4,2,19,31,Wiƒôkszo≈õƒá film√≥w mia≈Ça z≈ÇƒÖ ostro≈õƒá mo≈ºe dwa by≈Çy bardzo dobrej jako≈õci,"2.984000,2.121000,4.031000,4.079000,2.054000,2.522000"
9d7d1,18,2.984,2.121,4.031000000000001,4.079000000000001,2.054,2.522,7,4,4,19,31,NA,"2.984000,2.121000,4.031000,4.079000,2.054000,2.522000"
a711f,18,2.984,2.121,4.031000000000001,4.079000000000001,2.054,2.522,7,4,2,19,31,NA,"2.984000,2.121000,4.031000,4.079000,2.054000,2.522000"
bb4ea,18,2.984,2.121,4.031000000000001,4.079000000000001,2.054,2.522,7,4,3,19,31,"Na zmianƒô jako≈õ jednego dnia by≈Ça dobra, a nastƒôpnego s≈Çaba, dlatego ocena po ≈õrodku.","2.984000,2.121000,4.031000,4.079000,2.054000,2.522000"
bd209,18,2.984,2.121,4.031000000000001,4.079000000000001,2.054,2.522,7,4,3,19,31,NA,"2.984000,2.121000,4.031000,4.079000,2.054000,2.522000"
c05b7,18,2.984,2.121,4.031000000000001,4.079000000000001,2.054,2.522,7,4,2,19,31,NA,"2.984000,2.121000,4.031000,4.079000,2.054000,2.522000"
c42b6,18,2.984,2.121,4.031000000000001,4.079000000000001,2.054,2.522,7,4,3,19,31,Jako≈õƒá film√≥w r√≥≈ºna w r√≥≈ºne dni,"2.984000,2.121000,4.031000,4.079000,2.054000,2.522000"
c565b,18,2.984,2.121,4.031000000000001,4.079000000000001,2.054,2.522,7,4,1,19,31,NA,"2.984000,2.121000,4.031000,4.079000,2.054000,2.522000"
d45b5,18,2.984,2.121,4.031000000000001,4.079000000000001,2.054,2.522,7,4,2,19,31,NA,"2.984000,2.121000,4.031000,4.079000,2.054000,2.522000"
f75f6,18,2.984,2.121,4.031000000000001,4.079000000000001,2.054,2.522,7,4,1,19,31,"Pn -  z≈Ça
Wt- z≈Ça
≈ör - bardzo dobra
Czw - umiarkowana
Pt - z≈Ça
Sb - z≈Ça","2.984000,2.121000,4.031000,4.079000,2.054000,2.522000"
00c2c,19,4.23,4.262,2.324,2.711,4.393999999999999,4.417,7,2,4,21,32,NA,"4.230000,4.262000,2.324000,2.711000,4.394000,4.417000"
0d293,19,4.23,4.262,2.324,2.711,4.393999999999999,4.417,7,2,3,21,32,NA,"4.230000,4.262000,2.324000,2.711000,4.394000,4.417000"
27e23,19,4.23,4.262,2.324,2.711,4.393999999999999,4.417,7,2,4,21,32,NA,"4.230000,4.262000,2.324000,2.711000,4.394000,4.417000"
3adab,19,4.23,4.262,2.324,2.711,4.393999999999999,4.417,7,2,4,21,32,NA,"4.230000,4.262000,2.324000,2.711000,4.394000,4.417000"
54ed7,19,4.23,4.262,2.324,2.711,4.393999999999999,4.417,7,2,2,21,32,NA,"4.230000,4.262000,2.324000,2.711000,4.394000,4.417000"
5542e,19,4.23,4.262,2.324,2.711,4.393999999999999,4.417,7,2,3,21,32,NA,"4.230000,4.262000,2.324000,2.711000,4.394000,4.417000"
559e2,19,4.23,4.262,2.324,2.711,4.393999999999999,4.417,7,2,4,21,32,NA,"4.230000,4.262000,2.324000,2.711000,4.394000,4.417000"
57ea9,19,4.23,4.262,2.324,2.711,4.393999999999999,4.417,7,2,5,21,32,≈öroda i czwartek dobra reszta super,"4.230000,4.262000,2.324000,2.711000,4.394000,4.417000"
5870e,19,4.23,4.262,2.324,2.711,4.393999999999999,4.417,7,2,2,21,32,NA,"4.230000,4.262000,2.324000,2.711000,4.394000,4.417000"
7d03b,19,4.23,4.262,2.324,2.711,4.393999999999999,4.417,7,2,4,21,32,NA,"4.230000,4.262000,2.324000,2.711000,4.394000,4.417000"
88df4,19,4.23,4.262,2.324,2.711,4.393999999999999,4.417,7,2,3,21,32,Po≈Çowa film√≥w by≈Ça z≈Çej jako≈õci a druga bardzo dobrej stƒÖd wypadkowa ocena umiarkowana jako≈õƒá,"4.230000,4.262000,2.324000,2.711000,4.394000,4.417000"
9d7d1,19,4.23,4.262,2.324,2.711,4.393999999999999,4.417,7,2,4,21,32,NA,"4.230000,4.262000,2.324000,2.711000,4.394000,4.417000"
a711f,19,4.23,4.262,2.324,2.711,4.393999999999999,4.417,7,2,3,21,32,NA,"4.230000,4.262000,2.324000,2.711000,4.394000,4.417000"
b7150,19,4.23,4.262,2.324,2.711,4.393999999999999,4.417,7,2,4,21,32,NA,"4.230000,4.262000,2.324000,2.711000,4.394000,4.417000"
bb4ea,19,4.23,4.262,2.324,2.711,4.393999999999999,4.417,7,2,4,21,32,NA,"4.230000,4.262000,2.324000,2.711000,4.394000,4.417000"
bd209,19,4.23,4.262,2.324,2.711,4.393999999999999,4.417,7,2,3,21,32,NA,"4.230000,4.262000,2.324000,2.711000,4.394000,4.417000"
c05b7,19,4.23,4.262,2.324,2.711,4.393999999999999,4.417,7,2,4,21,32,NA,"4.230000,4.262000,2.324000,2.711000,4.394000,4.417000"
c42b6,19,4.23,4.262,2.324,2.711,4.393999999999999,4.417,7,2,3,21,32,R√≥≈ºna jako≈õƒá w r√≥≈ºne dni. Du≈ºo film√≥w w zwolnionym tƒôpie.,"4.230000,4.262000,2.324000,2.711000,4.394000,4.417000"
c565b,19,4.23,4.262,2.324,2.711,4.393999999999999,4.417,7,2,3,21,32,NA,"4.230000,4.262000,2.324000,2.711000,4.394000,4.417000"
d45b5,19,4.23,4.262,2.324,2.711,4.393999999999999,4.417,7,2,3,21,32,NA,"4.230000,4.262000,2.324000,2.711000,4.394000,4.417000"
f75f6,19,4.23,4.262,2.324,2.711,4.393999999999999,4.417,7,2,4,21,32,"Pn -  dobra
Wt- - dobra
≈ör - z≈Ça
Czw - z≈Ça
Pt - dobra 
Sb - dobra","4.230000,4.262000,2.324000,2.711000,4.394000,4.417000"
00c2c,20,4.269,4.469,4.353999999999999,4.261,2.297,2.113,7,2,4,19,28,NA,"4.269000,4.469000,4.354000,4.261000,2.297000,2.113000"
27e23,20,4.269,4.469,4.353999999999999,4.261,2.297,2.113,7,2,4,19,28,NA,"4.269000,4.469000,4.354000,4.261000,2.297000,2.113000"
3adab,20,4.269,4.469,4.353999999999999,4.261,2.297,2.113,7,2,4,19,28,"W wiƒôkszo≈õci filmiki by≈Çy bardzo dobrej jako≈õci, ale jeden albo 2 razy by≈Çy z≈Çej jako≈õci","4.269000,4.469000,4.354000,4.261000,2.297000,2.113000"
40c71,20,4.269,4.469,4.353999999999999,4.261,2.297,2.113,7,2,4,19,28,NA,"4.269000,4.469000,4.354000,4.261000,2.297000,2.113000"
54ed7,20,4.269,4.469,4.353999999999999,4.261,2.297,2.113,7,2,4,19,28,NA,"4.269000,4.469000,4.354000,4.261000,2.297000,2.113000"
5542e,20,4.269,4.469,4.353999999999999,4.261,2.297,2.113,7,2,3,19,28,NA,"4.269000,4.469000,4.354000,4.261000,2.297000,2.113000"
57ea9,20,4.269,4.469,4.353999999999999,4.261,2.297,2.113,7,2,5,19,28,PiƒÖtek i sobota dobra reszta wspania≈Ça,"4.269000,4.469000,4.354000,4.261000,2.297000,2.113000"
5870e,20,4.269,4.469,4.353999999999999,4.261,2.297,2.113,7,2,3,19,28,NA,"4.269000,4.469000,4.354000,4.261000,2.297000,2.113000"
5c3d1,20,4.269,4.469,4.353999999999999,4.261,2.297,2.113,7,2,3,19,28,NA,"4.269000,4.469000,4.354000,4.261000,2.297000,2.113000"
7d03b,20,4.269,4.469,4.353999999999999,4.261,2.297,2.113,7,2,4,19,28,"Poniedzia≈Çek-czwartek: dobra jako≈õƒá 
PiƒÖtek-sobota: z≈Ça jako≈õƒá","4.269000,4.469000,4.354000,4.261000,2.297000,2.113000"
88df4,20,4.269,4.469,4.353999999999999,4.261,2.297,2.113,7,2,3,19,28,Ostatnie dwa filmy bardzo nieostre  ale by≈Çy te≈º  filmy bardzo dobrej jako≈õci,"4.269000,4.469000,4.354000,4.261000,2.297000,2.113000"
b7150,20,4.269,4.469,4.353999999999999,4.261,2.297,2.113,7,2,3,19,28,NA,"4.269000,4.469000,4.354000,4.261000,2.297000,2.113000"
bd209,20,4.269,4.469,4.353999999999999,4.261,2.297,2.113,7,2,3,19,28,NA,"4.269000,4.469000,4.354000,4.261000,2.297000,2.113000"
c05b7,20,4.269,4.469,4.353999999999999,4.261,2.297,2.113,7,2,4,19,28,"Do czwartku jako≈õƒá film√≥w by≈Ça wspania≈Ça, a w piƒÖtek i sobotƒô s≈Çaba.","4.269000,4.469000,4.354000,4.261000,2.297000,2.113000"
c42b6,20,4.269,4.469,4.353999999999999,4.261,2.297,2.113,7,2,4,19,28,Wiƒôkszo≈õƒá film√≥w mia≈Ça jako≈õƒá wspania≈ÇƒÖ. Jednak by≈Ç jeden lub dwa o s≈Çabej jako≈õci.,"4.269000,4.469000,4.354000,4.261000,2.297000,2.113000"
d45b5,20,4.269,4.469,4.353999999999999,4.261,2.297,2.113,7,2,3,19,28,"Czƒô≈õƒá filmik√≥w w bardzo dobrej jako≈õci, czƒô≈õƒá w tragicznej","4.269000,4.469000,4.354000,4.261000,2.297000,2.113000"
f1308,20,4.269,4.469,4.353999999999999,4.261,2.297,2.113,7,2,3,19,28,"Wy≈õwietlane filmy poczƒÖtkiem tygodnia by≈Çy wspania≈Çej jako≈õci, a mo≈ºe 2/3 pod koniec tygodnia ju≈º by≈Çy z≈Çej jako≈õci","4.269000,4.469000,4.354000,4.261000,2.297000,2.113000"
f75f6,20,4.269,4.469,4.353999999999999,4.261,2.297,2.113,7,2,3,19,28,"Pn -  wspania≈Ça
Wt - dobra
≈ör - dobra 
Czw - bardzo dobra 
Pt - z≈Ça
SB - z≈Ça","4.269000,4.469000,4.354000,4.261000,2.297000,2.113000"
f7c29,20,4.269,4.469,4.353999999999999,4.261,2.297,2.113,7,2,2,19,28,NA,"4.269000,4.469000,4.354000,4.261000,2.297000,2.113000"
00c2c,21,2.581,2.128,2.755,2.629,4.028,4.001,7,4,2,17,29,NA,"2.581000,2.128000,2.755000,2.629000,4.028000,4.001000"
27e23,21,2.581,2.128,2.755,2.629,4.028,4.001,7,4,4,17,29,NA,"2.581000,2.128000,2.755000,2.629000,4.028000,4.001000"
3adab,21,2.581,2.128,2.755,2.629,4.028,4.001,7,4,5,17,29,NA,"2.581000,2.128000,2.755000,2.629000,4.028000,4.001000"
54ed7,21,2.581,2.128,2.755,2.629,4.028,4.001,7,4,3,17,29,NA,"2.581000,2.128000,2.755000,2.629000,4.028000,4.001000"
5870e,21,2.581,2.128,2.755,2.629,4.028,4.001,7,4,4,17,29,NA,"2.581000,2.128000,2.755000,2.629000,4.028000,4.001000"
5c3d1,21,2.581,2.128,2.755,2.629,4.028,4.001,7,4,4,17,29,NA,"2.581000,2.128000,2.755000,2.629000,4.028000,4.001000"
7d03b,21,2.581,2.128,2.755,2.629,4.028,4.001,7,4,2,17,29,NA,"2.581000,2.128000,2.755000,2.629000,4.028000,4.001000"
88df4,21,2.581,2.128,2.755,2.629,4.028,4.001,7,4,2,17,29,Zdecydowana wiƒôkszo≈õƒá film√≥w z≈Çej jako≈õci tylko ostatnie dwa by≈Çy wyra≈∫ne,"2.581000,2.128000,2.755000,2.629000,4.028000,4.001000"
9d7d1,21,2.581,2.128,2.755,2.629,4.028,4.001,7,4,5,17,29,NA,"2.581000,2.128000,2.755000,2.629000,4.028000,4.001000"
a711f,21,2.581,2.128,2.755,2.629,4.028,4.001,7,4,4,17,29,NA,"2.581000,2.128000,2.755000,2.629000,4.028000,4.001000"
b7150,21,2.581,2.128,2.755,2.629,4.028,4.001,7,4,4,17,29,NA,"2.581000,2.128000,2.755000,2.629000,4.028000,4.001000"
bb4ea,21,2.581,2.128,2.755,2.629,4.028,4.001,7,4,4,17,29,NA,"2.581000,2.128000,2.755000,2.629000,4.028000,4.001000"
bd209,21,2.581,2.128,2.755,2.629,4.028,4.001,7,4,4,17,29,NA,"2.581000,2.128000,2.755000,2.629000,4.028000,4.001000"
c05b7,21,2.581,2.128,2.755,2.629,4.028,4.001,7,4,4,17,29,NA,"2.581000,2.128000,2.755000,2.629000,4.028000,4.001000"
c42b6,21,2.581,2.128,2.755,2.629,4.028,4.001,7,4,4,17,29,"Ostatnie dwa filmy jako≈õƒá wspania≈Ça, jednak wcze≈õniej by≈Çy filmy z≈Çej jako≈õci.","2.581000,2.128000,2.755000,2.629000,4.028000,4.001000"
f1308,21,2.581,2.128,2.755,2.629,4.028,4.001,7,4,3,17,29,"Przez wiƒôkszo≈õƒá tygodnia wy≈õwietlane filmy by≈Çy s≈Çabej jako≈õci (prawie najni≈ºszej). Je≈õli dobrze pamiƒôtam, w piƒÖtek by≈Ça dobra jako≈õƒá (prawie najwy≈ºsza), a w sobotƒô wspania≈Ça (najwy≈ºsza).","2.581000,2.128000,2.755000,2.629000,4.028000,4.001000"
f7c29,21,2.581,2.128,2.755,2.629,4.028,4.001,7,4,3,17,29,NA,"2.581000,2.128000,2.755000,2.629000,4.028000,4.001000"
00c2c,22,4.236000000000001,4.282,2.489,2.38,2.3699999999999997,2.927,7,4,1,22,30,NA,"4.236000,4.282000,2.489000,2.380000,2.370000,2.927000"
27e23,22,4.236000000000001,4.282,2.489,2.38,2.3699999999999997,2.927,7,4,3,22,30,NA,"4.236000,4.282000,2.489000,2.380000,2.370000,2.927000"
343ab,22,4.236000000000001,4.282,2.489,2.38,2.3699999999999997,2.927,7,4,5,22,30,NA,"4.236000,4.282000,2.489000,2.380000,2.370000,2.927000"
40c71,22,4.236000000000001,4.282,2.489,2.38,2.3699999999999997,2.927,7,4,3,22,30,Czƒôsto pojawiajƒÖ siƒô motywy p≈Çyn√≥w,"4.236000,4.282000,2.489000,2.380000,2.370000,2.927000"
54ed7,22,4.236000000000001,4.282,2.489,2.38,2.3699999999999997,2.927,7,4,2,22,30,NA,"4.236000,4.282000,2.489000,2.380000,2.370000,2.927000"
559e2,22,4.236000000000001,4.282,2.489,2.38,2.3699999999999997,2.927,7,4,3,22,30,NA,"4.236000,4.282000,2.489000,2.380000,2.370000,2.927000"
57ea9,22,4.236000000000001,4.282,2.489,2.38,2.3699999999999997,2.927,7,4,4,22,30,Poniedzia≈Çek i wtorek wspania≈Ça reszta dobra,"4.236000,4.282000,2.489000,2.380000,2.370000,2.927000"
5870e,22,4.236000000000001,4.282,2.489,2.38,2.3699999999999997,2.927,7,4,2,22,30,NA,"4.236000,4.282000,2.489000,2.380000,2.370000,2.927000"
5c3d1,22,4.236000000000001,4.282,2.489,2.38,2.3699999999999997,2.927,7,4,4,22,30,NA,"4.236000,4.282000,2.489000,2.380000,2.370000,2.927000"
7d03b,22,4.236000000000001,4.282,2.489,2.38,2.3699999999999997,2.927,7,4,2,22,30,NA,"4.236000,4.282000,2.489000,2.380000,2.370000,2.927000"
88df4,22,4.236000000000001,4.282,2.489,2.38,2.3699999999999997,2.927,7,4,2,22,30,Mo≈ºe tylko dwa filmiki by≈Çy dobrej jako≈õci te z poczƒÖtku tygodnia. Natomiast pozosta≈Çe by≈Çy nieostre a obraz rozmazany.,"4.236000,4.282000,2.489000,2.380000,2.370000,2.927000"
8a560,22,4.236000000000001,4.282,2.489,2.38,2.3699999999999997,2.927,7,4,2,22,30,NA,"4.236000,4.282000,2.489000,2.380000,2.370000,2.927000"
8caa8,22,4.236000000000001,4.282,2.489,2.38,2.3699999999999997,2.927,7,4,2,22,30,NA,"4.236000,4.282000,2.489000,2.380000,2.370000,2.927000"
9d7d1,22,4.236000000000001,4.282,2.489,2.38,2.3699999999999997,2.927,7,4,4,22,30,NA,"4.236000,4.282000,2.489000,2.380000,2.370000,2.927000"
b7150,22,4.236000000000001,4.282,2.489,2.38,2.3699999999999997,2.927,7,4,2,22,30,NA,"4.236000,4.282000,2.489000,2.380000,2.370000,2.927000"
bb4ea,22,4.236000000000001,4.282,2.489,2.38,2.3699999999999997,2.927,7,4,2,22,30,NA,"4.236000,4.282000,2.489000,2.380000,2.370000,2.927000"
bd209,22,4.236000000000001,4.282,2.489,2.38,2.3699999999999997,2.927,7,4,2,22,30,NA,"4.236000,4.282000,2.489000,2.380000,2.370000,2.927000"
c05b7,22,4.236000000000001,4.282,2.489,2.38,2.3699999999999997,2.927,7,4,2,22,30,NA,"4.236000,4.282000,2.489000,2.380000,2.370000,2.927000"
c42b6,22,4.236000000000001,4.282,2.489,2.38,2.3699999999999997,2.927,7,4,4,22,30,Wiƒôkszo≈õƒá film√≥w mia≈Ça jako≈õƒá wyjƒÖtkowƒÖ. By≈Ço kilka s≈Çabych jako≈õciowo film√≥w.,"4.236000,4.282000,2.489000,2.380000,2.370000,2.927000"
c565b,22,4.236000000000001,4.282,2.489,2.38,2.3699999999999997,2.927,7,4,3,22,30,NA,"4.236000,4.282000,2.489000,2.380000,2.370000,2.927000"
f1308,22,4.236000000000001,4.282,2.489,2.38,2.3699999999999997,2.927,7,4,3,22,30,"O ile dobrze pamiƒôtam, tylko we wtorek wy≈õwietlany film by≈Ç w jako≈õci dobrej (tej prawie najwy≈ºszej), a przez resztƒô tygodnia filmy by≈Çy mieszane - albo w z≈Çej, albo s≈Çabej jako≈õci.","4.236000,4.282000,2.489000,2.380000,2.370000,2.927000"
f75f6,22,4.236000000000001,4.282,2.489,2.38,2.3699999999999997,2.927,7,4,1,22,30,"Pn -  dobra
Wt- bardzo dobra
≈ör - z≈Ça
Czw - z≈Ça
Pt - z≈Ça
SB - z≈Ça","4.236000,4.282000,2.489000,2.380000,2.370000,2.927000"
00c2c,23,4.026999999999999,4.031000000000001,4.003,4.035,3.0319999999999996,2.175,7,1,3,22,30,NA,"4.027000,4.031000,4.003000,4.035000,3.032000,2.175000"
023ce,23,4.026999999999999,4.031000000000001,4.003,4.035,3.0319999999999996,2.175,7,1,3,22,30,"filmy jednego dnia sƒÖ bardzo dobrej jako≈õci a drugiego s≈Çabej, przez co ocenianie ca≈Çego tygodnia jest ciƒô≈ºkie","4.027000,4.031000,4.003000,4.035000,3.032000,2.175000"
27e23,23,4.026999999999999,4.031000000000001,4.003,4.035,3.0319999999999996,2.175,7,1,4,22,30,NA,"4.027000,4.031000,4.003000,4.035000,3.032000,2.175000"
343ab,23,4.026999999999999,4.031000000000001,4.003,4.035,3.0319999999999996,2.175,7,1,4,22,30,NA,"4.027000,4.031000,4.003000,4.035000,3.032000,2.175000"
3adab,23,4.026999999999999,4.031000000000001,4.003,4.035,3.0319999999999996,2.175,7,1,5,22,30,NA,"4.027000,4.031000,4.003000,4.035000,3.032000,2.175000"
57ea9,23,4.026999999999999,4.031000000000001,4.003,4.035,3.0319999999999996,2.175,7,1,5,22,30,PiƒÖtek i sobotƒô dobra reszta wspania≈Ça,"4.027000,4.031000,4.003000,4.035000,3.032000,2.175000"
5870e,23,4.026999999999999,4.031000000000001,4.003,4.035,3.0319999999999996,2.175,7,1,2,22,30,NA,"4.027000,4.031000,4.003000,4.035000,3.032000,2.175000"
5c3d1,23,4.026999999999999,4.031000000000001,4.003,4.035,3.0319999999999996,2.175,7,1,4,22,30,NA,"4.027000,4.031000,4.003000,4.035000,3.032000,2.175000"
7d03b,23,4.026999999999999,4.031000000000001,4.003,4.035,3.0319999999999996,2.175,7,1,4,22,30,NA,"4.027000,4.031000,4.003000,4.035000,3.032000,2.175000"
88df4,23,4.026999999999999,4.031000000000001,4.003,4.035,3.0319999999999996,2.175,7,1,5,22,30,Tylko jeden filmik by≈Ç nieco gorszej jako≈õci pozosta≈Çe bardzo dobrej,"4.027000,4.031000,4.003000,4.035000,3.032000,2.175000"
8caa8,23,4.026999999999999,4.031000000000001,4.003,4.035,3.0319999999999996,2.175,7,1,3,22,30,NA,"4.027000,4.031000,4.003000,4.035000,3.032000,2.175000"
9d7d1,23,4.026999999999999,4.031000000000001,4.003,4.035,3.0319999999999996,2.175,7,1,3,22,30,NA,"4.027000,4.031000,4.003000,4.035000,3.032000,2.175000"
a711f,23,4.026999999999999,4.031000000000001,4.003,4.035,3.0319999999999996,2.175,7,1,3,22,30,NA,"4.027000,4.031000,4.003000,4.035000,3.032000,2.175000"
bb4ea,23,4.026999999999999,4.031000000000001,4.003,4.035,3.0319999999999996,2.175,7,1,4,22,30,NA,"4.027000,4.031000,4.003000,4.035000,3.032000,2.175000"
bd209,23,4.026999999999999,4.031000000000001,4.003,4.035,3.0319999999999996,2.175,7,1,3,22,30,NA,"4.027000,4.031000,4.003000,4.035000,3.032000,2.175000"
c05b7,23,4.026999999999999,4.031000000000001,4.003,4.035,3.0319999999999996,2.175,7,1,3,22,30,"Do czwartku jako≈õƒá film√≥w by≈Ça bardzo dobra, w piƒÖtek beznadziejna, a w sobotƒô s≈Çaba.","4.027000,4.031000,4.003000,4.035000,3.032000,2.175000"
c42b6,23,4.026999999999999,4.031000000000001,4.003,4.035,3.0319999999999996,2.175,7,1,3,22,30,NA,"4.027000,4.031000,4.003000,4.035000,3.032000,2.175000"
c565b,23,4.026999999999999,4.031000000000001,4.003,4.035,3.0319999999999996,2.175,7,1,3,22,30,NA,"4.027000,4.031000,4.003000,4.035000,3.032000,2.175000"
d45b5,23,4.026999999999999,4.031000000000001,4.003,4.035,3.0319999999999996,2.175,7,1,4,22,30,Tylko w dwa ostatnie dni jako≈õ filmik√≥w by≈Ça s≈Çaba. W pozosta≈Çe bardzo dobra,"4.027000,4.031000,4.003000,4.035000,3.032000,2.175000"
f1308,23,4.026999999999999,4.031000000000001,4.003,4.035,3.0319999999999996,2.175,7,1,3,22,30,"Jako≈õƒá wy≈õwietlanych film√≥w przez wiƒôkszo≈õƒá dni w tym tygodniu by≈Ça wspania≈Ça (najwy≈ºsza). Jak dobrze pamiƒôtam, w piƒÖtek by≈Ça z≈Ça jako≈õƒá (najni≈ºsza), a w sobotƒô s≈Çaba (prawie najni≈ºsza).","4.027000,4.031000,4.003000,4.035000,3.032000,2.175000"
f75f6,23,4.026999999999999,4.031000000000001,4.003,4.035,3.0319999999999996,2.175,7,1,3,22,30,"Pn -  umiarkowana 
Wt - umiarkowana
≈ör - umiarkowana
Czw - umiarkowana 
PiƒÖtek - z≈Ça
Sb - z≈Ça","4.027000,4.031000,4.003000,4.035000,3.032000,2.175000"
f865c,23,4.026999999999999,4.031000000000001,4.003,4.035,3.0319999999999996,2.175,7,1,3,22,30,NA,"4.027000,4.031000,4.003000,4.035000,3.032000,2.175000"
00c2c,24,2.658,2.8019999999999996,4.185,4.287,2.219,2.121,7,4,3,19,31,NA,"2.658000,2.802000,4.185000,4.287000,2.219000,2.121000"
27e23,24,2.658,2.8019999999999996,4.185,4.287,2.219,2.121,7,4,3,19,31,NA,"2.658000,2.802000,4.185000,4.287000,2.219000,2.121000"
3adab,24,2.658,2.8019999999999996,4.185,4.287,2.219,2.121,7,4,4,19,31,NA,"2.658000,2.802000,4.185000,4.287000,2.219000,2.121000"
4d5eb,24,2.658,2.8019999999999996,4.185,4.287,2.219,2.121,7,4,2,19,31,NA,"2.658000,2.802000,4.185000,4.287000,2.219000,2.121000"
54ed7,24,2.658,2.8019999999999996,4.185,4.287,2.219,2.121,7,4,3,19,31,NA,"2.658000,2.802000,4.185000,4.287000,2.219000,2.121000"
57ea9,24,2.658,2.8019999999999996,4.185,4.287,2.219,2.121,7,4,4,19,31,≈öroda i czwartek wspania≈Ça reszta dobra,"2.658000,2.802000,4.185000,4.287000,2.219000,2.121000"
5870e,24,2.658,2.8019999999999996,4.185,4.287,2.219,2.121,7,4,3,19,31,NA,"2.658000,2.802000,4.185000,4.287000,2.219000,2.121000"
7d03b,24,2.658,2.8019999999999996,4.185,4.287,2.219,2.121,7,4,2,19,31,NA,"2.658000,2.802000,4.185000,4.287000,2.219000,2.121000"
88df4,24,2.658,2.8019999999999996,4.185,4.287,2.219,2.121,7,4,2,19,31,Wiƒôkszo≈õƒá film√≥w z≈Çej jako≈õci choƒá nie wszystkie Dwa filmy mia≈Çy jako≈õƒá bardzo dobrƒÖ,"2.658000,2.802000,4.185000,4.287000,2.219000,2.121000"
8a560,24,2.658,2.8019999999999996,4.185,4.287,2.219,2.121,7,4,2,19,31,NA,"2.658000,2.802000,4.185000,4.287000,2.219000,2.121000"
8caa8,24,2.658,2.8019999999999996,4.185,4.287,2.219,2.121,7,4,2,19,31,NA,"2.658000,2.802000,4.185000,4.287000,2.219000,2.121000"
9d7d1,24,2.658,2.8019999999999996,4.185,4.287,2.219,2.121,7,4,3,19,31,NA,"2.658000,2.802000,4.185000,4.287000,2.219000,2.121000"
a711f,24,2.658,2.8019999999999996,4.185,4.287,2.219,2.121,7,4,3,19,31,NA,"2.658000,2.802000,4.185000,4.287000,2.219000,2.121000"
b7150,24,2.658,2.8019999999999996,4.185,4.287,2.219,2.121,7,4,3,19,31,NA,"2.658000,2.802000,4.185000,4.287000,2.219000,2.121000"
c05b7,24,2.658,2.8019999999999996,4.185,4.287,2.219,2.121,7,4,3,19,31,NA,"2.658000,2.802000,4.185000,4.287000,2.219000,2.121000"
c42b6,24,2.658,2.8019999999999996,4.185,4.287,2.219,2.121,7,4,4,19,31,NA,"2.658000,2.802000,4.185000,4.287000,2.219000,2.121000"
c565b,24,2.658,2.8019999999999996,4.185,4.287,2.219,2.121,7,4,3,19,31,NA,"2.658000,2.802000,4.185000,4.287000,2.219000,2.121000"
d45b5,24,2.658,2.8019999999999996,4.185,4.287,2.219,2.121,7,4,3,19,31,NA,"2.658000,2.802000,4.185000,4.287000,2.219000,2.121000"
f75f6,24,2.658,2.8019999999999996,4.185,4.287,2.219,2.121,7,4,1,19,31,NA,"2.658000,2.802000,4.185000,4.287000,2.219000,2.121000"
00c2c,25,2.058,2.791,4.31,4.236000000000001,4.268,4.2780000000000005,7,2,4,18,32,NA,"2.058000,2.791000,4.310000,4.236000,4.268000,4.278000"
27e23,25,2.058,2.791,4.31,4.236000000000001,4.268,4.2780000000000005,7,2,3,18,32,NA,"2.058000,2.791000,4.310000,4.236000,4.268000,4.278000"
3adab,25,2.058,2.791,4.31,4.236000000000001,4.268,4.2780000000000005,7,2,4,18,32,NA,"2.058000,2.791000,4.310000,4.236000,4.268000,4.278000"
40c71,25,2.058,2.791,4.31,4.236000000000001,4.268,4.2780000000000005,7,2,3,18,32,NA,"2.058000,2.791000,4.310000,4.236000,4.268000,4.278000"
54ed7,25,2.058,2.791,4.31,4.236000000000001,4.268,4.2780000000000005,7,2,5,18,32,NA,"2.058000,2.791000,4.310000,4.236000,4.268000,4.278000"
5870e,25,2.058,2.791,4.31,4.236000000000001,4.268,4.2780000000000005,7,2,4,18,32,NA,"2.058000,2.791000,4.310000,4.236000,4.268000,4.278000"
5c3d1,25,2.058,2.791,4.31,4.236000000000001,4.268,4.2780000000000005,7,2,4,18,32,NA,"2.058000,2.791000,4.310000,4.236000,4.268000,4.278000"
7d03b,25,2.058,2.791,4.31,4.236000000000001,4.268,4.2780000000000005,7,2,2,18,32,NA,"2.058000,2.791000,4.310000,4.236000,4.268000,4.278000"
88df4,25,2.058,2.791,4.31,4.236000000000001,4.268,4.2780000000000005,7,2,4,18,32,Wiƒôkszo≈õƒá filmik√≥w bardzo dobrej jako≈õci  Tylko te z poczƒÖtku tygodnia mia≈Çy z≈ÇƒÖ jako≈õƒá,"2.058000,2.791000,4.310000,4.236000,4.268000,4.278000"
8caa8,25,2.058,2.791,4.31,4.236000000000001,4.268,4.2780000000000005,7,2,3,18,32,NA,"2.058000,2.791000,4.310000,4.236000,4.268000,4.278000"
9d7d1,25,2.058,2.791,4.31,4.236000000000001,4.268,4.2780000000000005,7,2,4,18,32,NA,"2.058000,2.791000,4.310000,4.236000,4.268000,4.278000"
a711f,25,2.058,2.791,4.31,4.236000000000001,4.268,4.2780000000000005,7,2,2,18,32,NA,"2.058000,2.791000,4.310000,4.236000,4.268000,4.278000"
bd209,25,2.058,2.791,4.31,4.236000000000001,4.268,4.2780000000000005,7,2,4,18,32,NA,"2.058000,2.791000,4.310000,4.236000,4.268000,4.278000"
c05b7,25,2.058,2.791,4.31,4.236000000000001,4.268,4.2780000000000005,7,2,5,18,32,NA,"2.058000,2.791000,4.310000,4.236000,4.268000,4.278000"
c42b6,25,2.058,2.791,4.31,4.236000000000001,4.268,4.2780000000000005,7,2,5,18,32,NA,"2.058000,2.791000,4.310000,4.236000,4.268000,4.278000"
d45b5,25,2.058,2.791,4.31,4.236000000000001,4.268,4.2780000000000005,7,2,4,18,32,NA,"2.058000,2.791000,4.310000,4.236000,4.268000,4.278000"
f1308,25,2.058,2.791,4.31,4.236000000000001,4.268,4.2780000000000005,7,2,3,18,32,Od poniedzia≈Çku do piƒÖtku jako≈õƒá wy≈õwietlanych film√≥w zwiƒôksza≈Ça siƒô od najni≈ºszej do najwy≈ºszej. W sobotƒô r√≥wnie≈º by≈Ça najwy≈ºsza jako≈õƒá.,"2.058000,2.791000,4.310000,4.236000,4.268000,4.278000"
f75f6,25,2.058,2.791,4.31,4.236000000000001,4.268,4.2780000000000005,7,2,4,18,32,NA,"2.058000,2.791000,4.310000,4.236000,4.268000,4.278000"
