video name,MOS,Err
1080p_clip_10_codec_1_quality_1,2.21822617644607,0.113960938105495
1080p_clip_10_codec_1_quality_2,2.75899871784721,0.101174153770469
1080p_clip_10_codec_1_quality_3,2.81066045373466,0.094073012090617
1080p_clip_10_codec_1_quality_4,3.48348306293309,0.093446713785417
1080p_clip_10_codec_1_quality_5,3.66790013043466,0.103001408010523
1080p_clip_10_codec_1_quality_6,3.5183460217079,0.094915727731739
1080p_clip_10_codec_2_quality_1,1.41764037017188,0.088124046312063
1080p_clip_10_codec_2_quality_2,2.29588539965622,0.08339879022395
1080p_clip_10_codec_2_quality_3,2.99314076602079,0.092749693071017
1080p_clip_10_codec_2_quality_4,3.35089019386176,0.092608475021683
1080p_clip_10_codec_2_quality_5,3.43710209304047,0.108584538121284
1080p_clip_10_codec_2_quality_6,3.35020438273979,0.103478132394681
1080p_clip_10_codec_3_quality_1,1.34651912847254,0.089996834801192
1080p_clip_10_codec_3_quality_2,2.31611044771523,0.091268665160797
1080p_clip_10_codec_3_quality_3,3.01652527507643,0.105403472990819
1080p_clip_10_codec_3_quality_4,3.16463104080298,0.097421152235049
1080p_clip_10_codec_3_quality_5,3.54637544408201,0.097992588807249
1080p_clip_10_codec_3_quality_6,3.68209330145113,0.100246273637152
1080p_clip_10_codec_4_quality_1,1.5151547554946,0.078788028819051
1080p_clip_10_codec_4_quality_2,2.06409913991583,0.093930491298085
1080p_clip_10_codec_4_quality_3,2.58502900402035,0.076687196815776
1080p_clip_10_codec_4_quality_4,2.91209214986241,0.106438104084868
1080p_clip_10_codec_4_quality_5,3.17196766265552,0.104544572519329
1080p_clip_10_codec_4_quality_6,3.36479315310861,0.110820089643584
1080p_clip_12_codec_1_quality_1,2.50309500111961,0.121264692111631
1080p_clip_12_codec_1_quality_2,2.97057843161243,0.108153794180206
1080p_clip_12_codec_1_quality_3,2.9563439784539,0.103997307691634
1080p_clip_12_codec_1_quality_4,3.50272528288574,0.108559980220388
1080p_clip_12_codec_1_quality_5,3.57173349323018,0.106870125365958
1080p_clip_12_codec_1_quality_6,3.82105535213584,0.129902033773882
1080p_clip_12_codec_2_quality_1,1.33723178520976,0.068797729169452
1080p_clip_12_codec_2_quality_2,2.13997978121592,0.108342429020528
1080p_clip_12_codec_2_quality_3,3.20697845816924,0.098664651880366
1080p_clip_12_codec_2_quality_4,3.52591558249398,0.109133904243257
1080p_clip_12_codec_2_quality_5,3.4553837045677,0.123007407795315
1080p_clip_12_codec_2_quality_6,3.84044797992207,0.143321351702494
1080p_clip_12_codec_3_quality_1,1.27953095865724,0.071084828259588
1080p_clip_12_codec_3_quality_2,2.25690244289632,0.096524770748791
1080p_clip_12_codec_3_quality_3,3.0313254603776,0.112458637025596
1080p_clip_12_codec_3_quality_4,3.30945098949397,0.104831277267335
1080p_clip_12_codec_3_quality_5,3.73070735672614,0.11153895024342
1080p_clip_12_codec_3_quality_6,3.78238910919234,0.140456530156396
1080p_clip_12_codec_4_quality_1,2.07059324096902,0.098236401221737
1080p_clip_12_codec_4_quality_2,2.25134567736058,0.10517990983358
1080p_clip_12_codec_4_quality_3,2.82976705287076,0.105254826310118
1080p_clip_12_codec_4_quality_4,3.27105487945444,0.149956459316253
1080p_clip_12_codec_4_quality_5,3.67521766052761,0.111077961595206
1080p_clip_12_codec_4_quality_6,3.62741764000987,0.076333946097829
1080p_clip_2_codec_1_quality_1,2.48792549475683,0.043568017324088
1080p_clip_2_codec_1_quality_2,3.08365256650146,0.076990939473299
1080p_clip_2_codec_1_quality_3,3.09543794081503,0.092066853708551
1080p_clip_2_codec_1_quality_4,3.78030912674555,0.083105783913621
1080p_clip_2_codec_1_quality_5,3.93954193814631,0.092415435886375
1080p_clip_2_codec_1_quality_6,4.06726307235928,0.096242233688521
1080p_clip_2_codec_2_quality_1,1.43014828411132,0.092644634090333
1080p_clip_2_codec_2_quality_2,2.92219797259978,0.078427176742201
1080p_clip_2_codec_2_quality_3,3.50757610791363,0.08690783244005
1080p_clip_2_codec_2_quality_4,3.76611295951017,0.082228811932885
1080p_clip_2_codec_2_quality_5,3.93579192284784,0.07594675828482
1080p_clip_2_codec_2_quality_6,4.0769270782661,0.092647070439915
1080p_clip_2_codec_3_quality_1,1.48711231819535,0.086285412614808
1080p_clip_2_codec_3_quality_2,2.44360753601772,0.09195855212902
1080p_clip_2_codec_3_quality_3,3.52465379052363,0.077105754299515
1080p_clip_2_codec_3_quality_4,3.89821004571358,0.070507346683314
1080p_clip_2_codec_3_quality_5,3.84396560241802,0.102506341127761
1080p_clip_2_codec_3_quality_6,4.14501007963287,0.081601604419826
1080p_clip_2_codec_4_quality_1,1.61604700780591,0.098767340883503
1080p_clip_2_codec_4_quality_2,2.34139179177675,0.088709885562872
1080p_clip_2_codec_4_quality_3,3.02974070009246,0.10751996644086
1080p_clip_2_codec_4_quality_4,3.62375718968971,0.090768712177337
1080p_clip_2_codec_4_quality_5,3.89717238709634,0.102314563343329
1080p_clip_2_codec_4_quality_6,4.07075994631008,0.088981695209508
1080p_clip_3_codec_1_quality_1,2.52941565397261,0.082732681401796
1080p_clip_3_codec_1_quality_2,2.80658869997684,0.074877479175529
1080p_clip_3_codec_1_quality_3,3.19283484895511,0.097364341444824
1080p_clip_3_codec_1_quality_4,3.67198876782432,0.094820780861673
1080p_clip_3_codec_1_quality_5,3.95307383286748,0.090828100424924
1080p_clip_3_codec_1_quality_6,4.1533692826748,0.114919953766755
1080p_clip_3_codec_2_quality_1,1.73516540302717,0.10393327238704
1080p_clip_3_codec_2_quality_2,2.60875136904874,0.09318852498673
1080p_clip_3_codec_2_quality_3,3.54301791344908,0.076266204893549
1080p_clip_3_codec_2_quality_4,3.60545622510945,0.083819775763912
1080p_clip_3_codec_2_quality_5,3.90539105090131,0.100794809213159
1080p_clip_3_codec_2_quality_6,4.01888010457424,0.055843413471847
1080p_clip_3_codec_3_quality_1,1.69401532283914,0.085353311434632
1080p_clip_3_codec_3_quality_2,2.37095497117687,0.090227998631236
1080p_clip_3_codec_3_quality_3,3.19988470482397,0.07417105684584
1080p_clip_3_codec_3_quality_4,3.68164812146806,0.096591845174702
1080p_clip_3_codec_3_quality_5,4.07969430528936,0.086264453095113
1080p_clip_3_codec_3_quality_6,4.16994214373388,0.100070848180037
1080p_clip_3_codec_4_quality_1,2.09189681304433,0.081973320693566
1080p_clip_3_codec_4_quality_2,2.65077352397815,0.088783773097578
1080p_clip_3_codec_4_quality_3,3.42917080448165,0.08301256944214
1080p_clip_3_codec_4_quality_4,3.87842626711073,0.095637105070546
1080p_clip_3_codec_4_quality_5,3.86654220892268,0.087523222449954
1080p_clip_3_codec_4_quality_6,3.97628792267532,0.116139890121009
1080p_clip_4_codec_1_quality_1,2.07575848162437,0.091827494609448
1080p_clip_4_codec_1_quality_2,2.55939629164259,0.080971980798996
1080p_clip_4_codec_1_quality_3,2.78171989546726,0.08747053556297
1080p_clip_4_codec_1_quality_4,3.61004427184275,0.083804464710473
1080p_clip_4_codec_1_quality_5,3.68023073369583,0.09825952856613
1080p_clip_4_codec_1_quality_6,3.73022610790074,0.087668280806354
1080p_clip_4_codec_2_quality_1,1.17915741855272,0.087082157404347
1080p_clip_4_codec_2_quality_2,2.19526485149166,0.082952032449414
1080p_clip_4_codec_2_quality_3,3.19572710876281,0.047822249304808
1080p_clip_4_codec_2_quality_4,3.53161969705098,0.083247452345592
1080p_clip_4_codec_2_quality_5,3.68280189456825,0.110636743200162
1080p_clip_4_codec_2_quality_6,3.98381112147698,0.105974867379083
1080p_clip_4_codec_3_quality_1,1.30149761254307,0.064220156798437
1080p_clip_4_codec_3_quality_2,2.16593152743838,0.078782209625402
1080p_clip_4_codec_3_quality_3,3.1628349447285,0.085861270411961
1080p_clip_4_codec_3_quality_4,3.3824460721695,0.071212338239264
1080p_clip_4_codec_3_quality_5,3.77731565976563,0.097982031956946
1080p_clip_4_codec_3_quality_6,3.9125883278549,0.081103362534267
1080p_clip_4_codec_4_quality_1,1.66763677894075,0.0954329253379
1080p_clip_4_codec_4_quality_2,2.06080351575799,0.0888272013378
1080p_clip_4_codec_4_quality_3,2.74791290056024,0.077910180179285
1080p_clip_4_codec_4_quality_4,2.93255921901017,0.087115009625588
1080p_clip_4_codec_4_quality_5,3.26362561680005,0.105213612900572
1080p_clip_4_codec_4_quality_6,3.42438279738419,0.123174528638687
1080p_clip_5_codec_1_quality_1,3.25816620214965,0.091308085746953
1080p_clip_5_codec_1_quality_2,3.28543877336193,0.083420461226539
1080p_clip_5_codec_1_quality_3,3.92542100356185,0.092779364615197
1080p_clip_5_codec_1_quality_4,4.06539031247642,0.095093687204741
1080p_clip_5_codec_1_quality_5,4.35850743461721,0.101390467557158
1080p_clip_5_codec_1_quality_6,4.26417469123946,0.094156505504513
1080p_clip_5_codec_2_quality_1,1.77526609127854,0.079337813455635
1080p_clip_5_codec_2_quality_2,2.93662872751466,0.093210431192429
1080p_clip_5_codec_2_quality_3,3.8263572068942,0.076187976770666
1080p_clip_5_codec_2_quality_4,4.18363316915525,0.087354294330947
1080p_clip_5_codec_2_quality_5,4.3192289062912,0.097275227787539
1080p_clip_5_codec_2_quality_6,4.40979982621194,0.048772485776494
1080p_clip_5_codec_3_quality_1,1.96500446822246,0.103007169061932
1080p_clip_5_codec_3_quality_2,2.74653526108035,0.090841819385968
1080p_clip_5_codec_3_quality_3,3.9247854787675,0.098308227364448
1080p_clip_5_codec_3_quality_4,4.24621799630637,0.083824446826236
1080p_clip_5_codec_3_quality_5,4.41864999250058,0.113720742837698
1080p_clip_5_codec_3_quality_6,4.42679801647728,0.077340669159353
1080p_clip_5_codec_4_quality_1,2.11826289330912,0.109218089411251
1080p_clip_5_codec_4_quality_2,2.82818121986412,0.089163137034528
1080p_clip_5_codec_4_quality_3,3.42657800223977,0.075347971180634
1080p_clip_5_codec_4_quality_4,3.99490336054768,0.08365192240055
1080p_clip_5_codec_4_quality_5,4.058406529039,0.099935027243515
1080p_clip_5_codec_4_quality_6,4.16339847711563,0.094902559782652
1080p_clip_6_codec_1_quality_1,2.6908233400357,0.095768924798434
1080p_clip_6_codec_1_quality_2,3.5508498120206,0.085096256215911
1080p_clip_6_codec_1_quality_3,4.12782703650939,0.094005226694327
1080p_clip_6_codec_1_quality_4,4.32317505059401,0.087390362716697
1080p_clip_6_codec_1_quality_5,4.38555340333151,0.100890448646959
1080p_clip_6_codec_1_quality_6,4.60011470022455,0.078828566119888
1080p_clip_6_codec_2_quality_1,1.18561226066218,0.068787068434807
1080p_clip_6_codec_2_quality_2,1.99289199404798,0.099675345079608
1080p_clip_6_codec_2_quality_3,3.3645554409794,0.099124750260569
1080p_clip_6_codec_2_quality_4,4.23848474371424,0.068972442499438
1080p_clip_6_codec_2_quality_5,4.47968755657452,0.109153352495554
1080p_clip_6_codec_2_quality_6,4.61317027681901,0.088080321343067
1080p_clip_6_codec_3_quality_1,1.16356788028134,0.083446536768494
1080p_clip_6_codec_3_quality_2,1.95339922159708,0.122093606480581
1080p_clip_6_codec_3_quality_3,3.56773311505401,0.097003452486251
1080p_clip_6_codec_3_quality_4,3.98638853435548,0.098502847849746
1080p_clip_6_codec_3_quality_5,4.51097625180169,0.0505010781874
1080p_clip_6_codec_3_quality_6,4.58006117021637,0.09459094341209
1080p_clip_6_codec_4_quality_1,1.35881721951332,0.083882577195222
1080p_clip_6_codec_4_quality_2,1.57665192961508,0.109502707348031
1080p_clip_6_codec_4_quality_3,2.4647493655333,0.101099020718872
1080p_clip_6_codec_4_quality_4,3.32202550742317,0.112454511800376
1080p_clip_6_codec_4_quality_5,3.9225814164904,0.099744795509842
1080p_clip_6_codec_4_quality_6,4.18825852723947,0.087717479504746
1080p_clip_7_codec_1_quality_1,1.9641245414536,0.098671250495929
1080p_clip_7_codec_1_quality_2,2.65213839812484,0.092144586334817
1080p_clip_7_codec_1_quality_3,2.99797828068185,0.098695601285765
1080p_clip_7_codec_1_quality_4,3.86875655226258,0.089309573644551
1080p_clip_7_codec_1_quality_5,4.21506529816521,0.091580302171981
1080p_clip_7_codec_1_quality_6,4.4970214853126,0.098045805166911
1080p_clip_7_codec_2_quality_1,1.12005374342832,0.054578519227373
1080p_clip_7_codec_2_quality_2,1.87923142279018,0.096570296183491
1080p_clip_7_codec_2_quality_3,3.47599947274666,0.100952391567621
1080p_clip_7_codec_2_quality_4,3.7263888433645,0.094349644364037
1080p_clip_7_codec_2_quality_5,4.18529425034336,0.102928468055326
1080p_clip_7_codec_2_quality_6,4.26269723047041,0.104015193155996
1080p_clip_7_codec_3_quality_1,1.22606612018417,0.047499408304123
1080p_clip_7_codec_3_quality_2,2.10625369935721,0.099059879414229
1080p_clip_7_codec_3_quality_3,3.59754560935273,0.112981398620362
1080p_clip_7_codec_3_quality_4,3.94843538634924,0.06988512705181
1080p_clip_7_codec_3_quality_5,4.38025680344181,0.089591280460927
1080p_clip_7_codec_3_quality_6,4.42034153999182,0.109199966759784
1080p_clip_7_codec_4_quality_1,1.29250542544882,0.084256789649702
1080p_clip_7_codec_4_quality_2,1.47218090373113,0.090880572599098
1080p_clip_7_codec_4_quality_3,2.01677094588802,0.111662222997774
1080p_clip_7_codec_4_quality_4,2.84683210158984,0.099418694334505
1080p_clip_7_codec_4_quality_5,3.38795823400774,0.108852398969275
1080p_clip_7_codec_4_quality_6,3.91231342475755,0.070533935372578
1080p_clip_8_codec_1_quality_1,2.34267323661237,0.104628503676658
1080p_clip_8_codec_1_quality_2,2.66079894323582,0.0954281744634
1080p_clip_8_codec_1_quality_3,3.16470330779656,0.113391584359825
1080p_clip_8_codec_1_quality_4,2.79695863432417,0.110591884636077
1080p_clip_8_codec_1_quality_5,3.43773568746766,0.124813692108104
1080p_clip_8_codec_1_quality_6,3.34586981902111,0.1296007158882
1080p_clip_8_codec_2_quality_1,1.37588491768983,0.074460196757631
1080p_clip_8_codec_2_quality_2,2.63988640413378,0.09334121876722
1080p_clip_8_codec_2_quality_3,3.31373493854369,0.123700652563978
1080p_clip_8_codec_2_quality_4,3.45308429129321,0.129926575579745
1080p_clip_8_codec_2_quality_5,3.62134967441557,0.123198172304085
1080p_clip_8_codec_2_quality_6,3.8180162487338,0.119591838886818
1080p_clip_8_codec_3_quality_1,1.25333137619488,0.075254864310284
1080p_clip_8_codec_3_quality_2,2.47901991142924,0.104140918968411
1080p_clip_8_codec_3_quality_3,3.51894909136563,0.113281613020949
1080p_clip_8_codec_3_quality_4,3.32842034403115,0.112787727356909
1080p_clip_8_codec_3_quality_5,3.5081653005928,0.127650631671538
1080p_clip_8_codec_3_quality_6,3.56714374260524,0.148556576930615
1080p_clip_8_codec_4_quality_1,1.56860801547856,0.111699300718423
1080p_clip_8_codec_4_quality_2,2.29040537447868,0.054290427622668
1080p_clip_8_codec_4_quality_3,3.0392329309334,0.077786741671558
1080p_clip_8_codec_4_quality_4,3.1409229737207,0.131897514110692
1080p_clip_8_codec_4_quality_5,3.50945446753622,0.097101274250981
1080p_clip_8_codec_4_quality_6,3.40006050738562,0.143596383808104
1080p_clip_9_codec_1_quality_1,2.26263224415916,0.102425587143632
1080p_clip_9_codec_1_quality_2,2.91340392707432,0.096616471733323
1080p_clip_9_codec_1_quality_3,3.33449744221579,0.112073920671967
1080p_clip_9_codec_1_quality_4,3.87718203182249,0.121092034256185
1080p_clip_9_codec_1_quality_5,3.96264832410616,0.102078255395435
1080p_clip_9_codec_1_quality_6,4.19215214907108,0.097934878522846
1080p_clip_9_codec_2_quality_1,1.40974744783043,0.100885657084123
1080p_clip_9_codec_2_quality_2,2.37580906616865,0.096981907310934
1080p_clip_9_codec_2_quality_3,3.64072624828254,0.085641402653649
1080p_clip_9_codec_2_quality_4,3.93688199715069,0.10961762174534
1080p_clip_9_codec_2_quality_5,4.2189422544942,0.140114028680895
1080p_clip_9_codec_2_quality_6,4.02999902022261,0.105577765435547
1080p_clip_9_codec_3_quality_1,1.40570474602307,0.081383697443098
1080p_clip_9_codec_3_quality_2,2.3420532961279,0.09656986598781
1080p_clip_9_codec_3_quality_3,3.45774547589853,0.106925721932818
1080p_clip_9_codec_3_quality_4,3.83682393146576,0.102900783190464
1080p_clip_9_codec_3_quality_5,3.89667849172592,0.099502175276649
1080p_clip_9_codec_3_quality_6,4.28419723987177,0.115065729461957
1080p_clip_9_codec_4_quality_1,2.02547281796428,0.106816958098595
1080p_clip_9_codec_4_quality_2,2.42121635908566,0.100346772944552
1080p_clip_9_codec_4_quality_3,3.031168647499,0.053148440085516
1080p_clip_9_codec_4_quality_4,3.30803126068202,0.081917390872269
1080p_clip_9_codec_4_quality_5,3.56756074830764,0.092013021403054
1080p_clip_9_codec_4_quality_6,3.59627014211401,0.116386497317803
360p_clip_10_codec_1_quality_1,2.92635744968019,0.093635311193556
360p_clip_10_codec_1_quality_2,3.19377245985648,0.091582358931779
360p_clip_10_codec_1_quality_3,3.3640018422748,0.08323841599514
360p_clip_10_codec_2_quality_1,1.4672364937312,0.091156032545133
360p_clip_10_codec_2_quality_2,2.74149216156466,0.094692309532807
360p_clip_10_codec_2_quality_3,3.36631660207857,0.073481670974239
360p_clip_10_codec_3_quality_1,1.5452338575684,0.097188043971227
360p_clip_10_codec_3_quality_2,2.50797804017154,0.050926815509104
360p_clip_10_codec_3_quality_3,3.53728405547088,0.090639142032992
360p_clip_10_codec_4_quality_1,1.79032284475762,0.090337703600981
360p_clip_10_codec_4_quality_2,2.49839002963235,0.087274150742422
360p_clip_10_codec_4_quality_3,3.15193134560039,0.099243939867932
360p_clip_1_codec_1_quality_1,2.76655190983242,0.087678283159415
360p_clip_1_codec_1_quality_2,3.18762982567023,0.077299950086774
360p_clip_1_codec_1_quality_3,3.31169671461366,0.05865330301688
360p_clip_1_codec_2_quality_1,1.79805493379097,0.104967013997099
360p_clip_1_codec_2_quality_2,2.49991999948261,0.06920602324466
360p_clip_1_codec_2_quality_3,3.4263346553645,0.095466094439463
360p_clip_1_codec_3_quality_1,1.5892678706581,0.090591478905214
360p_clip_1_codec_3_quality_2,2.52027257124473,0.077265920058858
360p_clip_1_codec_3_quality_3,3.06274277316091,0.08708284752508
360p_clip_1_codec_4_quality_1,1.61025536935342,0.105744165229761
360p_clip_1_codec_4_quality_2,2.25394336709522,0.094660350522964
360p_clip_1_codec_4_quality_3,2.80461200916608,0.092596531676108
360p_clip_2_codec_1_quality_1,2.41960170961365,0.104104280214967
360p_clip_2_codec_1_quality_2,2.96371311110717,0.099079427792166
360p_clip_2_codec_1_quality_3,3.22565415193514,0.115031499409658
360p_clip_2_codec_2_quality_1,1.88115840998494,0.101402393214319
360p_clip_2_codec_2_quality_2,2.41722854910957,0.107456281401623
360p_clip_2_codec_2_quality_3,3.21049746557231,0.117600199408907
360p_clip_2_codec_3_quality_1,1.87649398232157,0.080443066291179
360p_clip_2_codec_3_quality_2,2.66199594966778,0.098505346915092
360p_clip_2_codec_3_quality_3,3.1580092078437,0.092652693655159
360p_clip_2_codec_4_quality_1,1.77150338739134,0.113494966384916
360p_clip_2_codec_4_quality_2,2.38465486251138,0.119463133885782
360p_clip_2_codec_4_quality_3,2.8574821105098,0.109480688914947
360p_clip_3_codec_1_quality_1,2.99676820754308,0.120006061250586
360p_clip_3_codec_1_quality_2,3.67389619054217,0.096637910106
360p_clip_3_codec_1_quality_3,3.67582476305253,0.1048924462758
360p_clip_3_codec_2_quality_1,2.06227084409095,0.113927407605454
360p_clip_3_codec_2_quality_2,3.05446777636822,0.059363390320502
360p_clip_3_codec_2_quality_3,3.6478167198081,0.101904024422715
360p_clip_3_codec_3_quality_1,1.84385423787549,0.105943912015359
360p_clip_3_codec_3_quality_2,2.76550951897003,0.086918157080282
360p_clip_3_codec_3_quality_3,3.87794278876095,0.095004797761129
360p_clip_3_codec_4_quality_1,2.44726145758003,0.108343756997171
360p_clip_3_codec_4_quality_2,2.873990498326,0.098932302627833
360p_clip_3_codec_4_quality_3,3.30836289009388,0.132423186332339
360p_clip_4_codec_1_quality_1,1.66046394154329,0.077976324245647
360p_clip_4_codec_1_quality_2,2.26823420825238,0.073961370473571
360p_clip_4_codec_1_quality_3,2.42492336740125,0.078270554305875
360p_clip_4_codec_2_quality_1,1.76167688800934,0.095284589090609
360p_clip_4_codec_2_quality_2,2.40729786645144,0.070943263629418
360p_clip_4_codec_2_quality_3,2.39408619108846,0.09883571067138
360p_clip_4_codec_3_quality_1,1.62468145234762,0.08447592512516
360p_clip_4_codec_3_quality_2,2.14284440895252,0.047981380790459
360p_clip_4_codec_3_quality_3,2.24397809128686,0.089912472900884
360p_clip_4_codec_4_quality_1,1.76152392837705,0.086434181238489
360p_clip_4_codec_4_quality_2,2.04645530426706,0.083496938229512
360p_clip_4_codec_4_quality_3,2.27611312189277,0.098952165581209
360p_clip_5_codec_1_quality_1,1.88384311490611,0.087917621331161
360p_clip_5_codec_1_quality_2,2.51584943911204,0.088605554700317
360p_clip_5_codec_1_quality_3,3.05602696989442,0.094519853731551
360p_clip_5_codec_2_quality_1,1.64329518089835,0.095715028934122
360p_clip_5_codec_2_quality_2,2.35893568933736,0.088933033211234
360p_clip_5_codec_2_quality_3,3.26481173084018,0.084478868037738
360p_clip_5_codec_3_quality_1,1.53326571387332,0.088514407099712
360p_clip_5_codec_3_quality_2,2.53257537287317,0.097264473913558
360p_clip_5_codec_3_quality_3,2.84479788309633,0.096857262477372
360p_clip_5_codec_4_quality_1,1.78018930207609,0.08944367703342
360p_clip_5_codec_4_quality_2,2.1928122426617,0.07858154538825
360p_clip_5_codec_4_quality_3,2.85869853864624,0.098559839761394
360p_clip_6_codec_1_quality_1,2.23715722907706,0.120737995207482
360p_clip_6_codec_1_quality_2,2.30792048612145,0.107141953030877
360p_clip_6_codec_1_quality_3,2.35791528630241,0.101904169131885
360p_clip_6_codec_2_quality_1,1.15880821830453,0.091894896719628
360p_clip_6_codec_2_quality_2,1.80189670196711,0.10741395989624
360p_clip_6_codec_2_quality_3,2.40890803136596,0.089518200492957
360p_clip_6_codec_3_quality_1,1.23302714879164,0.089679772696673
360p_clip_6_codec_3_quality_2,1.80382261743649,0.111010854793006
360p_clip_6_codec_3_quality_3,2.5045301336956,0.115113222372763
360p_clip_6_codec_4_quality_1,1.26581568230733,0.045905505842286
360p_clip_6_codec_4_quality_2,1.78279213149876,0.1068428956372
360p_clip_6_codec_4_quality_3,2.11792829620919,0.094304786069111
360p_clip_7_codec_1_quality_1,2.52386417448968,0.057034891939677
360p_clip_7_codec_1_quality_2,2.77883875231867,0.076093359539251
360p_clip_7_codec_1_quality_3,2.74619284370111,0.092504127460648
360p_clip_7_codec_2_quality_1,1.7471977830594,0.100285221549763
360p_clip_7_codec_2_quality_2,2.36623317633868,0.087350015321063
360p_clip_7_codec_2_quality_3,2.79340509146504,0.096171994129164
360p_clip_7_codec_3_quality_1,1.57854428963509,0.096487335470403
360p_clip_7_codec_3_quality_2,2.53166078467657,0.117313727338243
360p_clip_7_codec_3_quality_3,2.79547885243745,0.099000019290939
360p_clip_7_codec_4_quality_1,2.16926867919965,0.100336749322628
360p_clip_7_codec_4_quality_2,2.4341580695634,0.091395440724567
360p_clip_7_codec_4_quality_3,2.8507534835375,0.086267783389872
360p_clip_8_codec_1_quality_1,2.37321013550265,0.113413192979603
360p_clip_8_codec_1_quality_2,3.08925102693294,0.111905971037112
360p_clip_8_codec_1_quality_3,3.2123258987407,0.107061520835655
360p_clip_8_codec_2_quality_1,1.57797917452656,0.09218484030119
360p_clip_8_codec_2_quality_2,2.38969820383697,0.102276075327561
360p_clip_8_codec_2_quality_3,3.20458906852271,0.121215075318066
360p_clip_8_codec_3_quality_1,1.57412221451588,0.093048837896143
360p_clip_8_codec_3_quality_2,2.38823199818395,0.09154328691878
360p_clip_8_codec_3_quality_3,2.98330336655484,0.116005580327961
360p_clip_8_codec_4_quality_1,1.77869611504339,0.098925980957968
360p_clip_8_codec_4_quality_2,2.38894796835789,0.126941111704736
360p_clip_8_codec_4_quality_3,2.8620463394107,0.109712668702776
360p_clip_9_codec_1_quality_1,2.05667852381105,0.097617948424072
360p_clip_9_codec_1_quality_2,2.37289168924416,0.095280167286994
360p_clip_9_codec_1_quality_3,2.58621620971863,0.091994126338722
360p_clip_9_codec_2_quality_1,1.88087398625206,0.102111931995173
360p_clip_9_codec_2_quality_2,2.25002506724315,0.094194161828544
360p_clip_9_codec_2_quality_3,2.66386469830137,0.100415314100146
360p_clip_9_codec_3_quality_1,1.56307416281575,0.091956348310996
360p_clip_9_codec_3_quality_2,2.3109946157135,0.089240801801395
360p_clip_9_codec_3_quality_3,2.337411006643,0.111361675993328
360p_clip_9_codec_4_quality_1,1.92066943272814,0.084780771032304
360p_clip_9_codec_4_quality_2,2.41913133384581,0.096538909473436
360p_clip_9_codec_4_quality_3,2.47768062883689,0.085598719218919
540p_clip_10_codec_1_quality_1,2.5499022662056,0.090906355691087
540p_clip_10_codec_1_quality_2,3.3249250791151,0.109750137630475
540p_clip_10_codec_1_quality_3,3.67884577695663,0.092534269428628
540p_clip_10_codec_1_quality_4,3.86896796449347,0.075915594464802
540p_clip_10_codec_2_quality_1,1.3323216956565,0.079545919536097
540p_clip_10_codec_2_quality_2,2.19360985904344,0.093055776675819
540p_clip_10_codec_2_quality_3,3.44771482418077,0.085279420855012
540p_clip_10_codec_2_quality_4,4.236945164012,0.080606455896645
540p_clip_10_codec_3_quality_1,1.23493679108842,0.076537095484861
540p_clip_10_codec_3_quality_2,2.26855285447762,0.095699545845348
540p_clip_10_codec_3_quality_3,3.63277071041909,0.091048561122937
540p_clip_10_codec_3_quality_4,3.81887196986115,0.09755944175475
540p_clip_10_codec_4_quality_1,1.37355348432108,0.089038831165668
540p_clip_10_codec_4_quality_2,2.35179866001426,0.11108196545549
540p_clip_10_codec_4_quality_3,2.66328099033056,0.077659709293778
540p_clip_10_codec_4_quality_4,3.5249847107724,0.093544283178048
540p_clip_11_codec_1_quality_1,2.84529990783946,0.09618533783227
540p_clip_11_codec_1_quality_2,3.09403910636051,0.112535414697129
540p_clip_11_codec_1_quality_3,3.70808840540367,0.112891499946149
540p_clip_11_codec_1_quality_4,4.05102550555769,0.132518416092558
540p_clip_11_codec_2_quality_1,1.47753172219878,0.109530445868185
540p_clip_11_codec_2_quality_2,2.28597318531134,0.101042606000502
540p_clip_11_codec_2_quality_3,3.66216926096545,0.090965430211497
540p_clip_11_codec_2_quality_4,3.61862972420475,0.111436611005076
540p_clip_11_codec_3_quality_1,1.46838961974779,0.105043416419335
540p_clip_11_codec_3_quality_2,2.31238881262759,0.117833309783029
540p_clip_11_codec_3_quality_3,3.5758377746283,0.079809031120672
540p_clip_11_codec_3_quality_4,3.83385841102196,0.127452549927149
540p_clip_11_codec_4_quality_1,1.5039416548606,0.09877377025938
540p_clip_11_codec_4_quality_2,1.97213994674408,0.113524211676131
540p_clip_11_codec_4_quality_3,2.85133563002047,0.111005909113999
540p_clip_11_codec_4_quality_4,3.18858546284742,0.107480928134911
540p_clip_12_codec_1_quality_1,2.8542832312928,0.077628381584192
540p_clip_12_codec_1_quality_2,3.41959307583595,0.071826743864871
540p_clip_12_codec_1_quality_3,3.5640021355024,0.107303069568209
540p_clip_12_codec_1_quality_4,3.64008084995913,0.105230919266431
540p_clip_12_codec_2_quality_1,1.52067484837796,0.079914921556661
540p_clip_12_codec_2_quality_2,2.64226268292389,0.073207907092931
540p_clip_12_codec_2_quality_3,3.63916998201054,0.109992771727794
540p_clip_12_codec_2_quality_4,3.78211394518464,0.084752802183964
540p_clip_12_codec_3_quality_1,1.56711149698205,0.083215962968363
540p_clip_12_codec_3_quality_2,2.76433757715592,0.078364288283674
540p_clip_12_codec_3_quality_3,3.58274077208572,0.056261892835507
540p_clip_12_codec_3_quality_4,3.67911123977965,0.114795987140302
540p_clip_12_codec_4_quality_1,1.48781835073333,0.092685403716241
540p_clip_12_codec_4_quality_2,2.43350055318941,0.08036594528493
540p_clip_12_codec_4_quality_3,2.94691768544557,0.087300074380009
540p_clip_12_codec_4_quality_4,3.60533784938411,0.093021201685692
540p_clip_2_codec_1_quality_1,2.73783642002147,0.100884347784597
540p_clip_2_codec_1_quality_2,3.46658823355519,0.09912168186442
540p_clip_2_codec_1_quality_3,3.62230800087768,0.09905491741634
540p_clip_2_codec_1_quality_4,3.99729490629759,0.112410801252968
540p_clip_2_codec_2_quality_1,1.83825289787992,0.117149141920438
540p_clip_2_codec_2_quality_2,3.06782710611827,0.110594145321627
540p_clip_2_codec_2_quality_3,3.85022967528092,0.115022200086476
540p_clip_2_codec_2_quality_4,4.2366458427522,0.081011622242914
540p_clip_2_codec_3_quality_1,2.19196316106636,0.117947660621687
540p_clip_2_codec_3_quality_2,2.98792299734252,0.093807831216676
540p_clip_2_codec_3_quality_3,3.81025676852182,0.091643510315687
540p_clip_2_codec_3_quality_4,4.40518560407559,0.055137381664129
540p_clip_2_codec_4_quality_1,2.45320103397041,0.097221643291415
540p_clip_2_codec_4_quality_2,2.84367400661802,0.10869520459758
540p_clip_2_codec_4_quality_3,3.64110558846613,0.10711654710869
540p_clip_2_codec_4_quality_4,4.1859640816485,0.087207809517325
540p_clip_3_codec_1_quality_1,2.27718759924995,0.113735134567661
540p_clip_3_codec_1_quality_2,2.77668781327257,0.092067763868997
540p_clip_3_codec_1_quality_3,3.40133782687815,0.111277068770105
540p_clip_3_codec_1_quality_4,3.77958334635314,0.097460818899421
540p_clip_3_codec_2_quality_1,1.94091665050801,0.092891425290139
540p_clip_3_codec_2_quality_2,3.16065948809837,0.093102360136322
540p_clip_3_codec_2_quality_3,3.77159241355856,0.105433983206116
540p_clip_3_codec_2_quality_4,4.07133537721817,0.056763172766586
540p_clip_3_codec_3_quality_1,1.83476778194485,0.106364110819686
540p_clip_3_codec_3_quality_2,2.75460262074416,0.101076453730964
540p_clip_3_codec_3_quality_3,3.47091704927258,0.096025184197945
540p_clip_3_codec_3_quality_4,3.94936801725901,0.094863145463666
540p_clip_3_codec_4_quality_1,2.63672818812288,0.111434432575608
540p_clip_3_codec_4_quality_2,3.12733832636908,0.077553830170385
540p_clip_3_codec_4_quality_3,4.00469951575313,0.098438997574005
540p_clip_3_codec_4_quality_4,4.22317323973292,0.075465764965816
540p_clip_4_codec_1_quality_1,3.34892659724559,0.086446298894991
540p_clip_4_codec_1_quality_2,2.59033240073157,0.109144780242008
540p_clip_4_codec_1_quality_3,3.69121489899854,0.093937791117913
540p_clip_4_codec_1_quality_4,3.89294028486052,0.11404879257452
540p_clip_4_codec_2_quality_1,1.53154218065891,0.089070058212811
540p_clip_4_codec_2_quality_2,2.22892277191443,0.083132043472787
540p_clip_4_codec_2_quality_3,3.28292045911871,0.074177306597201
540p_clip_4_codec_2_quality_4,3.89892476000679,0.063808439776462
540p_clip_4_codec_3_quality_1,1.40641996393758,0.087272107640703
540p_clip_4_codec_3_quality_2,2.49347390237321,0.089552846607056
540p_clip_4_codec_3_quality_3,3.20064706398654,0.087743942223122
540p_clip_4_codec_3_quality_4,3.70614954023377,0.101149111734012
540p_clip_4_codec_4_quality_1,1.88355728717733,0.101319683774142
540p_clip_4_codec_4_quality_2,2.30879994358776,0.084599702195063
540p_clip_4_codec_4_quality_3,2.97651279273112,0.070518359838877
540p_clip_4_codec_4_quality_4,3.59744722299004,0.09676018953539
540p_clip_6_codec_1_quality_1,2.98328100217242,0.091442574116693
540p_clip_6_codec_1_quality_2,2.33413854976359,0.076403755020155
540p_clip_6_codec_1_quality_3,3.62148879383844,0.095709768159027
540p_clip_6_codec_1_quality_4,3.77449618536787,0.098987352910846
540p_clip_6_codec_2_quality_1,1.46415736089271,0.078964886664633
540p_clip_6_codec_2_quality_2,2.32697394257047,0.081845618757549
540p_clip_6_codec_2_quality_3,3.5238075454432,0.07047607474455
540p_clip_6_codec_2_quality_4,3.97670068913499,0.097918456648654
540p_clip_6_codec_3_quality_1,1.43572642603991,0.080851824845423
540p_clip_6_codec_3_quality_2,2.46440036779545,0.074559263455977
540p_clip_6_codec_3_quality_3,3.45429385573935,0.048190118047438
540p_clip_6_codec_3_quality_4,3.85461590796956,0.086673440397858
540p_clip_6_codec_4_quality_1,1.38062204169206,0.08458790547603
540p_clip_6_codec_4_quality_2,2.06848419831484,0.088288396387601
540p_clip_6_codec_4_quality_3,3.04620810332565,0.095654954903794
540p_clip_6_codec_4_quality_4,3.41348139670494,0.08698573784031
540p_clip_7_codec_1_quality_1,2.41994544979271,0.0594053997408
540p_clip_7_codec_1_quality_2,3.24689711672036,0.114023871119262
540p_clip_7_codec_1_quality_3,3.4705743597577,0.102862147996248
540p_clip_7_codec_1_quality_4,3.51748079430853,0.073856499910639
540p_clip_7_codec_2_quality_1,1.46515201798311,0.1029099236826
540p_clip_7_codec_2_quality_2,1.79861909078321,0.115050169972915
540p_clip_7_codec_2_quality_3,3.06329411428494,0.100679758974493
540p_clip_7_codec_2_quality_4,3.41268415978745,0.107212608972315
540p_clip_7_codec_3_quality_1,1.4555303347838,0.096723769539427
540p_clip_7_codec_3_quality_2,2.01070039164224,0.099606480030396
540p_clip_7_codec_3_quality_3,3.13972167634601,0.117055646634287
540p_clip_7_codec_3_quality_4,3.52439866672958,0.095815891221985
540p_clip_7_codec_4_quality_1,1.42778872819504,0.085239416837798
540p_clip_7_codec_4_quality_2,1.6897685619406,0.098590978101031
540p_clip_7_codec_4_quality_3,2.41342568939314,0.133026736908942
540p_clip_7_codec_4_quality_4,2.50899415346291,0.103117932331159
540p_clip_8_codec_1_quality_1,2.92102956790017,0.078102654876655
540p_clip_8_codec_1_quality_2,3.62141625753192,0.092199721208533
540p_clip_8_codec_1_quality_3,4.17250743873636,0.096854430163576
540p_clip_8_codec_1_quality_4,4.38122600741772,0.1123951090579
540p_clip_8_codec_2_quality_1,1.68253941322435,0.090564911583412
540p_clip_8_codec_2_quality_2,2.74865955104796,0.094708589030824
540p_clip_8_codec_2_quality_3,3.92973719262352,0.097394560940204
540p_clip_8_codec_2_quality_4,4.2056237267911,0.111312525892753
540p_clip_8_codec_3_quality_1,1.70131112744275,0.105968596286053
540p_clip_8_codec_3_quality_2,2.65393171520122,0.071972350230374
540p_clip_8_codec_3_quality_3,3.70935686220659,0.091903321742709
540p_clip_8_codec_3_quality_4,4.32919721785033,0.09419505985366
540p_clip_8_codec_4_quality_1,1.80537937905559,0.094465006114692
540p_clip_8_codec_4_quality_2,2.66588237624156,0.089831288276561
540p_clip_8_codec_4_quality_3,3.2842597720646,0.0879134920183
540p_clip_8_codec_4_quality_4,3.63573054043074,0.079564922021217
540p_clip_9_codec_1_quality_1,2.54655912690321,0.085914029544031
540p_clip_9_codec_1_quality_2,2.96551325210021,0.08753305313988
540p_clip_9_codec_1_quality_3,3.5254830695949,0.095329270094414
540p_clip_9_codec_1_quality_4,3.89962666780277,0.095689155947757
540p_clip_9_codec_2_quality_1,1.00286150837031,0.068329650745112
540p_clip_9_codec_2_quality_2,1.91294447263954,0.105205699814598
540p_clip_9_codec_2_quality_3,3.16245107168674,0.093719243229267
540p_clip_9_codec_2_quality_4,3.8141106455277,0.100560647225331
540p_clip_9_codec_3_quality_1,1.1818925088474,0.084172211804533
540p_clip_9_codec_3_quality_2,1.66694161451657,0.093365791649541
540p_clip_9_codec_3_quality_3,3.17888776011924,0.090063556374704
540p_clip_9_codec_3_quality_4,3.71676714371929,0.105341178959531
540p_clip_9_codec_4_quality_1,1.01657834737993,0.091905378717516
540p_clip_9_codec_4_quality_2,1.57289331910229,0.101377742199943
540p_clip_9_codec_4_quality_3,2.24061181350829,0.099290848081619
540p_clip_9_codec_4_quality_4,2.90472325724084,0.094597552936325
720p_clip_10_codec_1_quality_1,2.34500401539321,0.118686621122411
720p_clip_10_codec_1_quality_2,3.01725299333121,0.092942887275524
720p_clip_10_codec_1_quality_3,3.74770423509024,0.082197592015956
720p_clip_10_codec_1_quality_4,4.04031222295654,0.105423241890079
720p_clip_10_codec_1_quality_5,4.13203916254183,0.096314585460975
720p_clip_10_codec_2_quality_1,1.05478835994543,0.073180212438074
720p_clip_10_codec_2_quality_2,1.68897123142195,0.090304201851405
720p_clip_10_codec_2_quality_3,3.49686823969074,0.087750338395864
720p_clip_10_codec_2_quality_4,4.03352569723655,0.086423431914547
720p_clip_10_codec_2_quality_5,4.17771953233356,0.106390530225489
720p_clip_10_codec_3_quality_1,0.965140194724426,0.058968971478749
720p_clip_10_codec_3_quality_2,1.67939912223291,0.089882256491156
720p_clip_10_codec_3_quality_3,3.45554123984775,0.105641102577738
720p_clip_10_codec_3_quality_4,3.86584002211829,0.100260114851093
720p_clip_10_codec_3_quality_5,4.34951664814538,0.054725292955265
720p_clip_10_codec_4_quality_1,1.06867454270245,0.06905922186144
720p_clip_10_codec_4_quality_2,1.59092911226626,0.0916531740813
720p_clip_10_codec_4_quality_3,2.43110662215086,0.110724524716935
720p_clip_10_codec_4_quality_4,3.40131195323188,0.088835523497419
720p_clip_10_codec_4_quality_5,3.62704625579482,0.086446852017972
720p_clip_11_codec_1_quality_1,3.03197692693384,0.099505858136773
720p_clip_11_codec_1_quality_2,3.57518324677062,0.098693653071716
720p_clip_11_codec_1_quality_3,3.786375501499,0.112556847804295
720p_clip_11_codec_1_quality_4,3.75107187034819,0.103817937965056
720p_clip_11_codec_1_quality_5,3.78024972060454,0.091172400381564
720p_clip_11_codec_2_quality_1,1.42236895181803,0.11137799139644
720p_clip_11_codec_2_quality_2,2.2947321271084,0.093627743910662
720p_clip_11_codec_2_quality_3,3.25194198966248,0.085382858462178
720p_clip_11_codec_2_quality_4,3.50416177671153,0.077636863579739
720p_clip_11_codec_2_quality_5,3.72244752987524,0.102217679893734
720p_clip_11_codec_3_quality_1,1.26247621667476,0.047427027931049
720p_clip_11_codec_3_quality_2,2.24119866466016,0.09597401712556
720p_clip_11_codec_3_quality_3,3.02707693689446,0.102217763894192
720p_clip_11_codec_3_quality_4,3.66327536147255,0.103062054470142
720p_clip_11_codec_3_quality_5,3.68086815867171,0.118160606299373
720p_clip_11_codec_4_quality_1,2.01848328566916,0.083801007235447
720p_clip_11_codec_4_quality_2,2.18341519524289,0.099150457788255
720p_clip_11_codec_4_quality_3,2.88200985650509,0.099560806744633
720p_clip_11_codec_4_quality_4,3.27829483159115,0.101031195268887
720p_clip_11_codec_4_quality_5,3.60099154656072,0.110813751516554
720p_clip_12_codec_1_quality_1,2.24141776836646,0.096653443094112
720p_clip_12_codec_1_quality_2,2.60919970167046,0.095206181456127
720p_clip_12_codec_1_quality_3,2.77054388273031,0.097354410916626
720p_clip_12_codec_1_quality_4,2.75273583428867,0.095957162166276
720p_clip_12_codec_1_quality_5,2.95840886900811,0.099534655144645
720p_clip_12_codec_2_quality_1,1.79903489680663,0.093571969274585
720p_clip_12_codec_2_quality_2,2.56047048939351,0.086221118669333
720p_clip_12_codec_2_quality_3,2.96226210654753,0.087546805758878
720p_clip_12_codec_2_quality_4,3.05538532830803,0.103017801789879
720p_clip_12_codec_2_quality_5,2.93240773093524,0.103730226765429
720p_clip_12_codec_3_quality_1,1.37592418862425,0.099958440994048
720p_clip_12_codec_3_quality_2,2.23092757005337,0.091684507664647
720p_clip_12_codec_3_quality_3,2.80670828005214,0.097525098674145
720p_clip_12_codec_3_quality_4,2.71288089790635,0.101288301513683
720p_clip_12_codec_3_quality_5,2.84031379721925,0.131641303806278
720p_clip_12_codec_4_quality_1,1.81914407777944,0.100001634633791
720p_clip_12_codec_4_quality_2,2.13127777084631,0.087925295881241
720p_clip_12_codec_4_quality_3,2.77148652882053,0.087722555553797
720p_clip_12_codec_4_quality_4,2.86513624711766,0.060552580916285
720p_clip_12_codec_4_quality_5,2.88779497634896,0.086218263769504
720p_clip_1_codec_1_quality_1,1.75429865228745,0.100039091418521
720p_clip_1_codec_1_quality_2,1.96935739532668,0.107360961104409
720p_clip_1_codec_1_quality_3,2.6426464255,0.144412763234349
720p_clip_1_codec_1_quality_4,2.34719671738059,0.136303179631962
720p_clip_1_codec_1_quality_5,2.45117581337918,0.13931559304912
720p_clip_1_codec_2_quality_1,1.46067907415204,0.090218510867813
720p_clip_1_codec_2_quality_2,1.72006199126249,0.100511865444192
720p_clip_1_codec_2_quality_3,2.12596977027178,0.13828198658691
720p_clip_1_codec_2_quality_4,2.2691861433223,0.124289876384887
720p_clip_1_codec_2_quality_5,2.29751308969562,0.148903713402322
720p_clip_1_codec_3_quality_1,1.38096415999097,0.094616701647543
720p_clip_1_codec_3_quality_2,1.74949073473956,0.087689766599334
720p_clip_1_codec_3_quality_3,2.3048592458143,0.124296787610097
720p_clip_1_codec_3_quality_4,2.55095456152536,0.152431430855492
720p_clip_1_codec_3_quality_5,2.24079292123597,0.148512999781772
720p_clip_1_codec_4_quality_1,1.30668491120256,0.097392152410201
720p_clip_1_codec_4_quality_2,1.66229044205992,0.102494791574193
720p_clip_1_codec_4_quality_3,1.86065966934971,0.107227220417818
720p_clip_1_codec_4_quality_4,2.16406904449695,0.120980123793539
720p_clip_1_codec_4_quality_5,2.16374672968389,0.131811082430534
720p_clip_3_codec_1_quality_1,2.61919523786743,0.093916184645989
720p_clip_3_codec_1_quality_2,3.38375478973566,0.108781080654051
720p_clip_3_codec_1_quality_3,3.83850412610349,0.095774603991376
720p_clip_3_codec_1_quality_4,3.91566001001637,0.059781760241031
720p_clip_3_codec_1_quality_5,4.05550958429739,0.086512689121111
720p_clip_3_codec_2_quality_1,1.18959374529411,0.070509594546929
720p_clip_3_codec_2_quality_2,1.94884225634818,0.099234316545074
720p_clip_3_codec_2_quality_3,3.38336796375827,0.093652987468875
720p_clip_3_codec_2_quality_4,3.77244960151899,0.11469865302115
720p_clip_3_codec_2_quality_5,3.73917180573228,0.110250088222581
720p_clip_3_codec_3_quality_1,1.04793025195849,0.072189643965311
720p_clip_3_codec_3_quality_2,2.07028424224479,0.111909903986296
720p_clip_3_codec_3_quality_3,3.32865172432113,0.096411679323808
720p_clip_3_codec_3_quality_4,3.76550258418233,0.120951155770009
720p_clip_3_codec_3_quality_5,4.08335900433581,0.098493751828375
720p_clip_3_codec_4_quality_1,1.21592610341618,0.083473123174498
720p_clip_3_codec_4_quality_2,1.37071665205195,0.086371505083776
720p_clip_3_codec_4_quality_3,2.35956812583793,0.10372968408404
720p_clip_3_codec_4_quality_4,2.83931461631541,0.118676616686378
720p_clip_3_codec_4_quality_5,3.36150718832483,0.110900318032645
720p_clip_4_codec_1_quality_1,2.61616427605566,0.080043611563806
720p_clip_4_codec_1_quality_2,3.20318929937152,0.097888451199256
720p_clip_4_codec_1_quality_3,3.59191368471058,0.092156242449724
720p_clip_4_codec_1_quality_4,3.74942818675967,0.090886661450522
720p_clip_4_codec_1_quality_5,3.84095724463237,0.095828114061766
720p_clip_4_codec_2_quality_1,1.51311537429508,0.098013658818246
720p_clip_4_codec_2_quality_2,2.30719859046124,0.076773034686585
720p_clip_4_codec_2_quality_3,3.10924853774736,0.094377976556887
720p_clip_4_codec_2_quality_4,3.75888335373106,0.099690456021806
720p_clip_4_codec_2_quality_5,3.96234904009315,0.054207705539721
720p_clip_4_codec_3_quality_1,1.26422947699268,0.097046944732535
720p_clip_4_codec_3_quality_2,2.3651641821285,0.094829347341194
720p_clip_4_codec_3_quality_3,3.41396194529507,0.092825630903171
720p_clip_4_codec_3_quality_4,3.68820042000913,0.085209542801028
720p_clip_4_codec_3_quality_5,3.9826212693225,0.085232298627312
720p_clip_4_codec_4_quality_1,1.36811508413521,0.090357979186828
720p_clip_4_codec_4_quality_2,2.02467771280367,0.079491254997335
720p_clip_4_codec_4_quality_3,2.7349203188875,0.08904039092408
720p_clip_4_codec_4_quality_4,3.08524894607709,0.09742371274323
720p_clip_4_codec_4_quality_5,3.3695206194615,0.093821745168042
720p_clip_5_codec_1_quality_1,3.14021575482953,0.091322932876208
720p_clip_5_codec_1_quality_2,3.5062658458324,0.083590799486116
720p_clip_5_codec_1_quality_3,3.91231726308178,0.087467046980727
720p_clip_5_codec_1_quality_4,4.08959413486013,0.09069726377993
720p_clip_5_codec_1_quality_5,4.38481885609342,0.088936966501995
720p_clip_5_codec_2_quality_1,1.76888177145739,0.118413775678322
720p_clip_5_codec_2_quality_2,2.86580330604964,0.058560304358945
720p_clip_5_codec_2_quality_3,3.65151795615908,0.096405363098597
720p_clip_5_codec_2_quality_4,3.99789269822479,0.112195911133833
720p_clip_5_codec_2_quality_5,4.41824381310029,0.087813894122366
720p_clip_5_codec_3_quality_1,1.75511881883951,0.094430404357535
720p_clip_5_codec_3_quality_2,2.74431422011989,0.063654277299009
720p_clip_5_codec_3_quality_3,3.66696462700815,0.098658305695582
720p_clip_5_codec_3_quality_4,3.94724285984689,0.087100865113597
720p_clip_5_codec_3_quality_5,4.24308483106602,0.099554895501866
720p_clip_5_codec_4_quality_1,2.2303032974462,0.070648136611514
720p_clip_5_codec_4_quality_2,2.87008984445898,0.079234890582337
720p_clip_5_codec_4_quality_3,3.74028828471316,0.090359099553219
720p_clip_5_codec_4_quality_4,4.33996950916599,0.07976765112888
720p_clip_5_codec_4_quality_5,4.41156386790429,0.08592642769982
720p_clip_7_codec_1_quality_1,3.14700693593089,0.110012991155264
720p_clip_7_codec_1_quality_2,3.524839829841,0.104214106572065
720p_clip_7_codec_1_quality_3,3.94558496579601,0.088652077811464
720p_clip_7_codec_1_quality_4,4.12437018640946,0.088457224613099
720p_clip_7_codec_1_quality_5,4.13876406005961,0.096677837640796
720p_clip_7_codec_2_quality_1,1.10371730855058,0.075321015984578
720p_clip_7_codec_2_quality_2,1.64155848771691,0.103371238303709
720p_clip_7_codec_2_quality_3,3.41823556607058,0.118487992533727
720p_clip_7_codec_2_quality_4,3.87704803100437,0.097319416982685
720p_clip_7_codec_2_quality_5,4.09507548916021,0.087935932569314
720p_clip_7_codec_3_quality_1,1.21895070275122,0.092705406034917
720p_clip_7_codec_3_quality_2,2.05693905436153,0.107838976847321
720p_clip_7_codec_3_quality_3,3.39281929684578,0.093962505349956
720p_clip_7_codec_3_quality_4,3.81700583880234,0.103008679661626
720p_clip_7_codec_3_quality_5,4.31950491543485,0.093617825860237
720p_clip_7_codec_4_quality_1,1.26988499479325,0.053563877051881
720p_clip_7_codec_4_quality_2,1.47840932633563,0.097301569084412
720p_clip_7_codec_4_quality_3,2.03420191901956,0.087638499936888
720p_clip_7_codec_4_quality_4,2.94649512377442,0.113567817050222
720p_clip_7_codec_4_quality_5,3.37212408765273,0.092914931298977
720p_clip_8_codec_1_quality_1,3.18064574192591,0.109364680698
720p_clip_8_codec_1_quality_2,3.66266129669563,0.096647179998918
720p_clip_8_codec_1_quality_3,3.87209109051878,0.106650094242322
720p_clip_8_codec_1_quality_4,4.34998473391304,0.081347807998495
720p_clip_8_codec_1_quality_5,4.2245175563618,0.051379899967356
720p_clip_8_codec_2_quality_1,1.40975438275682,0.095200600012318
720p_clip_8_codec_2_quality_2,2.52095744116344,0.106849609666845
720p_clip_8_codec_2_quality_3,3.75495258937225,0.101291425377432
720p_clip_8_codec_2_quality_4,4.17653680734334,0.085839666239026
720p_clip_8_codec_2_quality_5,4.3062282987542,0.106617756606089
720p_clip_8_codec_3_quality_1,1.31613327946938,0.080722669617106
720p_clip_8_codec_3_quality_2,2.25163266194708,0.119275288028409
720p_clip_8_codec_3_quality_3,3.66490557230906,0.094354615101651
720p_clip_8_codec_3_quality_4,4.15052573563451,0.095233582109765
720p_clip_8_codec_3_quality_5,4.24025031975271,0.10018171930644
720p_clip_8_codec_4_quality_1,1.65567518035619,0.100878293124585
720p_clip_8_codec_4_quality_2,2.35909786443995,0.107935069294533
720p_clip_8_codec_4_quality_3,3.08238989607944,0.109412340265314
720p_clip_8_codec_4_quality_4,3.66666849276206,0.089480280791713
720p_clip_8_codec_4_quality_5,3.86204423481883,0.096144356068432
720p_clip_9_codec_1_quality_1,2.6372873407186,0.088216779358589
720p_clip_9_codec_1_quality_2,3.11169384596184,0.081250717344855
720p_clip_9_codec_1_quality_3,3.48503069476467,0.079167540738714
720p_clip_9_codec_1_quality_4,3.71069917825387,0.110735236622872
720p_clip_9_codec_1_quality_5,3.79793757844143,0.09365647329868
720p_clip_9_codec_2_quality_1,1.4700118254999,0.082099025029915
720p_clip_9_codec_2_quality_2,2.59631503713462,0.078747426231556
720p_clip_9_codec_2_quality_3,3.27997639705196,0.080466354916468
720p_clip_9_codec_2_quality_4,3.7209402249623,0.096225625285281
720p_clip_9_codec_2_quality_5,3.90374390796789,0.064475065020102
720p_clip_9_codec_3_quality_1,1.30169362843792,0.085736287401613
720p_clip_9_codec_3_quality_2,2.45612974214897,0.094355976742711
720p_clip_9_codec_3_quality_3,3.38295593633999,0.065544854114501
720p_clip_9_codec_3_quality_4,3.50379780724056,0.07390045032065
720p_clip_9_codec_3_quality_5,3.92022908995079,0.106265083264502
720p_clip_9_codec_4_quality_1,1.93739463884945,0.08679476242065
720p_clip_9_codec_4_quality_2,2.62670791786582,0.074874385768715
720p_clip_9_codec_4_quality_3,3.4187478380854,0.089313495885033
720p_clip_9_codec_4_quality_4,3.66556457514122,0.109135460957967
720p_clip_9_codec_4_quality_5,3.90275152648979,0.096146847019086
src_1080p_clip_10,3.49936255226598,0.059929079903685
src_1080p_clip_12,3.76498827598304,0.080827028457801
src_1080p_clip_2,4.18423519626034,0.060690945814266
src_1080p_clip_3,4.12512111588916,0.057740550827516
src_1080p_clip_4,3.90797254475539,0.058945216365858
src_1080p_clip_5,4.43906882342778,0.054315268924311
src_1080p_clip_6,4.68014056666902,0.049601801910664
src_1080p_clip_7,4.49813738499689,0.055029653368334
src_1080p_clip_8,3.67600847216962,0.076380396877579
src_1080p_clip_9,4.28866374334143,0.060887760797562
src_360p_clip_1,3.2697461043504,0.052227651701713
src_360p_clip_10,3.51654647234142,0.049386751598346
src_360p_clip_2,3.33617061908099,0.056586372730729
src_360p_clip_3,3.67092089971089,0.063134156501471
src_360p_clip_4,2.4889373583996,0.055967168924968
src_360p_clip_5,3.5047538414377,0.051183899652291
src_360p_clip_6,2.59359611120363,0.066981478365355
src_360p_clip_7,2.92765755417465,0.05761029070585
src_360p_clip_8,3.38410512362176,0.063411263127092
src_360p_clip_9,2.63837799890777,0.059756957806779
src_540p_clip_10,4.20604219897035,0.053152389462222
src_540p_clip_11,3.98184715625077,0.069017727856542
src_540p_clip_12,3.88266132151177,0.059379271792213
src_540p_clip_2,4.57172644190433,0.051362572542724
src_540p_clip_3,4.42940179531903,0.052419359703716
src_540p_clip_4,3.92920098061164,0.054632799645492
src_540p_clip_6,4.0103183882942,0.05100057420163
src_540p_clip_7,3.66541241243894,0.055887381788154
src_540p_clip_8,4.3776607670761,0.054948529126169
src_540p_clip_9,3.76790528272156,0.054644068607817
src_720p_clip_1,2.5848326664392,0.086948062686306
src_720p_clip_10,4.28623044306689,0.051898882631117
src_720p_clip_11,3.5546802446178,0.066091285307481
src_720p_clip_12,3.11017517687958,0.058652726273244
src_720p_clip_3,4.10607453845622,0.062458305314724
src_720p_clip_4,4.007202537321,0.056522473256813
src_720p_clip_5,4.49173338317738,0.054579634361192
src_720p_clip_7,4.49360405407419,0.04993719590646
src_720p_clip_8,4.36704961418555,0.053091813984424
src_720p_clip_9,3.97864438368245,0.061457801674236
